:0200000480007A
:100000006F00804A6F00C02A6F0000496F00C0482F
:100010006F0080486F0040486F0000486F00C04785
:100020006F0080476F0040476F0000476F00C04679
:100030006F0080466F0040466F0000466F00C0456D
:100040006F0080456F0040456F0000456F00C04461
:100050006F0080446F0040446F0000446F00C04355
:100060006F0080436F0040436F0000436F00C04249
:100070006F0080426F0040426F0000426F000053EB
:1000800097410100938101BC17010300130181F71F
:1000900017050000130505F713651500731055309B
:1000A000138581F4138681253306A640930500004D
:1000B000EF608011176500001305850BEF40007796
:1000C000EF60000113050000930500001306000017
:0C00D000EF0000016F40C0766780000068
:1000E000130101812326117E2324817E2322917E08
:1000F0002320217F232E317D93060000130101FD73
:10010000130600009305000013050020EF3050098E
:10011000630A051613040500171501001305051DD4
:10012000EF505002732920B0F32900B09715010059
:100130009385C5271306010013050400EF305026F0
:10014000F32420B0B3842441F32200B0171501003A
:100150001305C51A33893241EF50C07E13070900D9
:100160009386040013060900938504001715010007
:100170001305C519EF500058371600001306068006
:1001800097250100938585A213050100EF5050418A
:1001900093090500631E0502171501001305851E4E
:1001A000EF50407A13050400EF40006D1301010386
:1001B0008320C17E138509000324817E8324417E30
:1001C0000329017E8329C17D1301017F678000001F
:1001D0001715010013058516EF50C076B7170000FC
:1001E00013830780130401003309230097140100CF
:1001F0009384C41803162400831504001385040097
:1002000013040402EF50004F031664FE831544FEEE
:1002100013850400EF50004E0316A4FE831584FEE0
:1002200013850400EF50004D0316E4FE8315C4FE51
:1002300013850400EF50004C031624FF831504FFC0
:1002400013850400EF50004B031664FF831544FF31
:1002500013850400EF50004A0316A4FF831584FFA2
:1002600013850400EF5000490316E4FF8315C4FF13
:1002700013850400EF500048E31E24F79309100093
:100280006FF0DFF21715010013050505EF50806BC5
:10029000930910006FF09FF10000000000000000C3
:1002A0001305000067800000130000001300000029
:1002B0001305000067800000130000001300000019
:1002C0001305000067800000130000001300000009
:1002D00013050000678000001300000013000000F9
:1002E00013050000678000001300000013000000E9
:1002F00013050000678000001300000013000000D9
:1003000013050000678000001300000013000000C8
:1003100013050000678000001300000013000000B8
:1003200013050000678000001300000013000000A8
:100330001305000067800000130000001300000098
:100340001305000067800000130000001300000088
:100350001305000067800000130000001300000078
:100360001305000067800000130000001300000068
:100370001305000067800000130000001300000058
:100380001305000067800000130000001300000048
:100390001305000067800000130000001300000038
:1003A0001305000067800000130000001300000028
:1003B0001305000067800000130000001300000018
:1003C0001305000067800000130000001300000008
:1003D00013050000678000001300000013000000F8
:1003E00013050000678000001300000013000000E8
:1003F00013050000678000001300000013000000D8
:1004000013050000678000001300000013000000C7
:1004100013050000678000001300000013000000B7
:1004200013050000678000001300000013000000A7
:100430001305000067800000130000001300000097
:100440001305000067800000130000001300000087
:100450001305000067800000130000001300000077
:100460001305000067800000130000001300000067
:100470001305000067800000130000001300000057
:100480001305000067800000130000001300000047
:100490001305000067800000171501001305D5C67D
:1004A000EF50404A6FF05FFF130101FC2320110061
:1004B0002322A1002324B1002326C1002328D10038
:1004C000232AE100232CF100232E01012320110314
:1004D0002322510223246102232671022328C1030F
:1004E000232AD103232CE103232EF103F32220340A
:1004F00013032000638862021303B0006388620064
:1005000013033000638862006F00C002EF00403EBA
:100510006F004003171501001305C5BAEF50804264
:100520006F004002171501001305C5B4EF5080415C
:100530006F004001171501001305E5BAEF50804028
:100540006F004002F32210340383020013053000D1
:100550003373A3006314A3009382220093822200CA
:10056000739012348320010003254100832581000C
:100570000326C1008326010103274101832781014E
:100580000328C1018328010283224102032381023F
:100590008323C102032E0103832E4103032F810312
:1005A000832FC10313010104730020307300203036
:1005B0003305A04023AEA1F41305F0FF67800000CF
:1005C00097170100938787B6130850053707001067
:1005D0002320070183C61700638006062320D70067
:1005E00083C22700638A02042320570003C3370015
:1005F000630403042320670083C34700638E030260
:100600002320770003C55700630805022320A700B5
:1006100083C56700638205022320B70003C6770005
:1006200093878700630A06002320C70003C80700DA
:10063000E31008FA678000006780000013000000E4
:100640009307800523AEF1F41305F0FF67800000E7
:100650009307800523AEF1F41305F0FF67800000D7
:100660009307800523AEF1F41305F0FF67800000C7
:100670009307800523AEF1F41305F0FF67800000B7
:100680009307800523AEF1F41305F0FF67800000A7
:100690001305F0FF67800000130000001300000046
:1006A0009307C00023AEF1F41305F0FF678000004C
:1006B000B707048023A0A700730050106F0000004C
:1006C0009307800523AEF1F41305F0FF6780000067
:1006D0009307B00023AEF1F41305F0FF678000002C
:1006E000B727000023A2F500130500006780000073
:1006F0009307800523AEF1F41305F0FF6780000037
:100700009307800523AEF1F41305F0FF6780000026
:10071000930780FA23AEF1F4130500006780000010
:100720001305100067800000130000001300000094
:10073000930780FA23AEF1F41305F0FF6780000001
:100740001305F5FF13351500678000001300000046
:100750009307600123AEF1F41305F0FF67800000FA
:100760009307F00123AEF1F41305F0FF678000005A
:100770001305000067800000130000001300000054
:100780009307800523AEF1F41305F0FF67800000A6
:100790001305F0FF67800000130000001300000045
:1007A0009307800523AEF1F41305F0FF6780000086
:1007B0001305000067800000130000001300000014
:1007C000B727000023A2F500130500006780000092
:1007D0001305F0FF67800000130000001300000005
:1007E0001305F0FF678000001300000013000000F5
:1007F0009307200023AEF1F41305F0FF678000009B
:100800009307800523AEF1F41305F0FF6780000025
:100810009307A00023AEF1F41305F0FF67800000FA
:10082000130101FF23202101138981F4832709008B
:1008300023248100232291002326110093840500A4
:1008400013040600638A070213060400938504005C
:1008500017350100130505BFEF0080598320C10043
:1008600013050400032481008324410003290100AF
:100870001301010167800000B7C5010013063000B5
:1008800093850520173501001305C5BBEF004049CE
:1008900093021000232059006FF01FFB130000008B
:1008A00023ACA1F2130500006780000013000000D4
:1008B000138781F3032307003305A3002320A70038
:1008C000637C250097F202009382C2736376550021
:1008D00013050300678000009307C0001303F0FFB7
:1008E00023AEF1F41305030067800000130000003D
:1008F000130101FF23229100232611009307100802
:100900009384050063CC170D9307F00263D6170399
:10091000938008FD9302100563E41202171301008F
:100920001303038393982000338768008323070011
:10093000B385630067800500930E1001638AD80FAA
:1009400093045005170701001307477EB70F0010E7
:1009500023A09F0083471700638E070423A0FF0096
:10096000834027006388000423A01F0083423700D0
:100970006382020423A05F0003434700630C030269
:1009800023A06F00834857006386080223A01F013D
:10099000834367006380030223A07F0083457700C1
:1009A000638A05001307870023A0BF008344070064
:1009B000E39004FA8320C100832441001301010164
:1009C000678000008320C100130E800523AEC1F5AF
:1009D0008324410013010101678000009300F0406F
:1009E000E3C010F79302F03F63D61203938808C068
:1009F0001303F000E36613F5171701001307C78907
:100A0000939328003385E300832505003386E500B2
:100A100067000600130EC00AE38EC8F963461E0382
:100A2000130F9009E388E8F9930F900AE39AF8F11D
:100A3000130F80FA23AEE1F56FF0DFF737250000E2
:100A400023A2A4006FF01FF7930E600DE39AD8EF76
:100A500023ACA1F26FF01FF61308F00123AE01F5ED
:100A60006FF05FF59306200023AED1F46FF09FF492
:100A7000370404802320A400730050106F0000008E
:100A80009304600123AE91F46FF0DFF22320210183
:100A9000138981F42324810013040600032609002E
:100AA00063060602130604000324810003290100E3
:100AB0008320C10093850400832441001735010081
:100AC00013054598130101016F008032B7C601007C
:100AD000130630009385062017350100130585960F
:100AE000EF00002413081000232009016FF09FFB82
:100AF0008327C500638807208328050163840820B5
:100B00000328050003469500032745018346480155
:100B1000B3E2C600A304550013F306026302031EEA
:100B2000B383E84093050001138F030063F475005D
:100B3000130F0001638AE81C338EE700834E0E001A
:100B4000930F1700130610002300D801232AF50184
:100B50006370761AB386F70183C206001303270079
:100B60009305200023005800232A650063F27518BE
:100B7000338E6700834E0E00130637009306300055
:100B80002300D801232AC50063F47616B382C70078
:100B900003C3020093054700130E400023006800C2
:100BA000232AB50063767E14B38EB70083C60E0089
:100BB00013065700930250002300D800232AC500D3
:100BC00063F872123383C70083450300930E6700F6
:100BD000130E60002300B800232AD501637A7E102B
:100BE000B386D70183C20600130677001303700093
:100BF00023005800232AC500637C730EB385C70009
:100C000083CE050093068700130E80002300D801D1
:100C1000232AD500637E7E0CB382D70003C3020073
:100C2000130697009305900023006800232AC5004F
:100C300063F0750CB38EC70083C60E009302A70045
:100C4000130EA0002300D800232A550063727E0AE9
:100C500033835700834503001306B700930EB0009B
:100C60002300B800232AC50063F47E08B386C700BA
:100C700083C206001303C700130EC00023005800F0
:100C8000232A650063767E06B385670083CE050060
:100C90001306D7009306D0002300D801232AC500ED
:100CA00063F87604B382C70003C302009305E7002C
:100CB000130EE00023006800232AB500637A7E0249
:100CC000B38EB70083C60E001306F7009302F00040
:100CD0002300D800232AC50063FC7200B387C70035
:100CE00003C307001307070123006800232AE50058
:100CF00093050000638403009305FFFF3387F5012C
:100D00006384E800678000008348480023280500CA
:100D100013F5D80F2302A80067800000130000001D
:100D2000130101FE232A910083240500232C810056
:100D30002328210123263101232E110023820400C0
:100D400023840400930770FC2384F40023880400A8
:100D50002322B5001304050013890500930906003A
:100D6000930600001386050037D512139305000083
:100D7000EF30C062B7028000637455029350F500F3
:100D8000130700F82386E40013F3F00F13557500E2
:100D9000238264009373F50F23807400238604007C
:100DA0002386340123043401A304040097050000C2
:100DB000938545D4232224018320C10123280400E4
:100DC00023260400232A0400232E0400232C0400DD
:100DD000232204022320B40203248101832441013D
:100DE000032901018329C10013010102678000006A
:100DF000130101FF23260100638C0522630A0622EA
:100E0000032505003386C5009307100303474501FA
:100E1000232601008326C1009372F70F63E2D70AED
:100E20000323C10093031300232671000328C1008C
:100E300063E807098328C100138E18002326C10127
:100E4000832EC10063EED707032FC100930F1F004D
:100E50002326F1010327C10063E4E7068326C100CE
:100E600013831600232661008323C10063EA7704FD
:100E70000328C1009308180023261101032EC10086
:100E800063E0C705832EC100138F1E002326E101F6
:100E9000832FC10063E6F7030327C1009306170001
:100EA0002326D1000323C10063EC67008323C10024
:100EB00013881300232601018328C100E3F217F7EA
:100EC00093F20202E38402F423260100032EC10000
:100ED00063E2C70B832EC100138F1E002326E1019E
:100EE000832FC10063E8F7090327C10093061700A9
:100EF0002326D1000323C10063EE67068323C100CC
:100F000013881300232601018328C10063E4170717
:100F10008322C100138E12002326C101832EC1003B
:100F200063EAD705032FC100930F1F002326F101A9
:100F30000327C10063E0E7048326C1001383160082
:100F4000232661008323C10063E677020328C100E2
:100F500093081800232611018322C10063EC570077
:100F6000032EC100930E1E002326D101032FC100C2
:100F7000E3F2E7F783CF05002300F5012326010004
:100F80000327C10063E2E70A8326C100138316002A
:100F9000232661008323C10063E877080328C1008A
:100FA00093081800232611018322C10063EE57061F
:100FB000032EC100930E1E002326D101032FC10072
:100FC00063E4E707832FC10013871F002326E10096
:100FD0008326C10063EAD7040323C10093031300EF
:100FE000232671000328C10063E007058328C100A0
:100FF0009382180023265100032EC10063E6C70325
:10100000832EC100138F1E002326E101832FC10010
:1010100063ECF7010327C100930617002326D100D4
:101020000323C100E3F267F693851500E390C5DE64
:10103000130101016780000013000000130000008D
:101040006388050E03C605006304060E83270500AA
:10105000130101FF9386150003C747019372F70F31
:10106000A30751000343F100937303026396030A3D
:1010700003C547019375F50FA307B1000348F100BD
:1010800093780802639A080803CE4701937EFE0F07
:10109000A307D101034FF100937F0F02639E0F0658
:1010A00003C747019372F70FA30751000343F100F1
:1010B000937303026392030603C547019375F50F0B
:1010C000A307B1000348F10093780802639608046F
:1010D00003CE4701937EFE0FA307D101034FF1001A
:1010E000937F0F02639A0F0203C747019372F70FB2
:1010F000A30751000343F10093730302639E0300AF
:1011000003C547019375F50FA307B1000348F1002C
:1011100093780802E38208F4938616002380C700C0
:1011200003C6F6FFE31A06F213010101678000000F
:10113000678000001300000013000000130000008F
:10114000630C0602638A0502032705009706000068
:101150009386469A2326B500834747002328C50077
:10116000232A05002320D50293E2270023025700FB
:10117000732340F16304030067800000B723000C71
:10118000172601001306062C83A503003305C5406E
:101190001338150093081000339E0801B36EBE008B
:1011A00023A0D3016780000013000000130000009B
:1011B00083270500034795008326050183C2470165
:1011C00033E3E200A304650093F3F20F6398060093
:1011D00013D5630013751500678000001305000028
:1011E00067800000130000001300000013000000DF
:1011F0009307050063800518630E06160327050094
:101200000345950083464701B3E2A600A384570037
:1012100013F31600630003169373360013050000E2
:10122000638C0308130810006380030793082000F1
:101230006386130303470700130510002380E500AE
:1012400003A7070003CE9700834E470133EFCE017B
:10125000A384E70193FF1E0063820F1283460700F9
:10126000B382A500130515002380D20003A7070051
:1012700003C397008343470133E86300A384070156
:1012800093F81300638C080E034E07003387A50004
:10129000130515002300C70103A7070083CE97009D
:1012A000034F4701B36FDF01A384F70193761F005B
:1012B0006386060C6306A60C83420700B383A50071
:1012C000130515002380530003A8070003CE9700E1
:1012D0003383A5000347480193080500B36EC70197
:1012E000A384D701137F1700630A0F08834F0800F8
:1012F00013051500B382A5002300F30183A30700A3
:1013000083C6970003C343013368D300A384070156
:10131000137E130063040E0603C703001385280021
:10132000B38EA5002380E20003AF070083CF9700B0
:1013300083424F01B3E3F201A384770093F61200D6
:10134000638E060203430F001385380023806E006E
:1013500003A7070083C89700034E470133681E01A7
:10136000A3840701937E1E00638A0E00E316A6F491
:1013700067800000130500006780000067800000A0
:10138000678000001300000013000000130000003D
:10139000F32740F163960702B726000C17270100D8
:1013A0001307470A03A60600B302E54013B3120071
:1013B0009303100033986300B368C80023A016019C
:1013C000370E0100930EFEFF638CD5010325050047
:1013D00093F5F500034F4500B36FBF002302F501FD
:1013E00067800000130000001300000013000000DD
:1013F000638E05029307000C63EAC702032705000A
:10140000232EB5008342870013F3F203B363C300B6
:1014100093F5F30F2304B7000346470093661600C5
:101420002302D700732840F163040800678000009E
:10143000B728000C972E0100938ECE0003AE080053
:101440003305D541133F1500930F1000B397EF01FB
:1014500033E7C70123A0E800678000001300000005
:1014600063840502032705002320B5022326050017
:10147000834747002328050093E2270023025700F3
:10148000732340F16304030067800000B723000C5E
:1014900097250100938505FB83A603003305B5401E
:1014A0001336150013081000B318C80033EED80027
:1014B00023A0C30167800000130000001300000098
:1014C00063800502032705002322B50283474700F6
:1014D00093E2870023025700732340F16304030063
:1014E00067800000B723000C97250100938585F5E0
:1014F00083A603003305B54013361500130810000A
:10150000B318C80033EED80023A0C30167800000E1
:10151000638805126306061283270500834695003B
:1015200003C74701B362D700A30455001373070232
:1015300063080310930300011305060063F4C3005E
:101540001305000103C8050093081000238007015C
:1015500063FAC80E03CE1500930E20002380C70146
:1015600063F2CE0E03CF2500930F30002380E701F6
:1015700063FACF0C83C63500130740002380D700E1
:101580006372C70C83C245001303500023805700C9
:10159000637AC30A83C35500130860002380770071
:1015A0006372C80A83C86500130E70002380170198
:1015B000637ACE0883CE7500130F80002380D70195
:1015C0006372CF0883CF8500930690002380F701D4
:1015D00063FAC60683C295001307A0002380570054
:1015E0006372C70603C3A5009303B000238067009E
:1015F00063FAC30403C8B5009308C0002380070141
:1016000063F2C80403CEC500930ED0002380C70147
:1016100063FACE0203CFD500930FE0002380E701E9
:1016200063F2CF0283C6E5009302F0002380D70067
:1016300063FAC20083C5F5002380B700678000000D
:101640001305000067800000130000001300000075
:10165000832705000347950083C24701A3040500C3
:1016600033E5E2001375E509678000001300000010
:101670008327050003C58701678000001300000071
:1016800003270500834795008342470133E3F200B7
:10169000A304650013F50206678000001300000034
:1016A000032705008347C70093E20704230657007A
:1016B000678000001300000013000000130000000A
:1016C000032705008347C70093F2F70B2306570053
:1016D0006780000000000000000000000000000023
:1016E000130101FC232C91021398250093941500FB
:1016F00013933500B382B400232E8102232A2103E1
:101700002328310323264103232451032322610389
:1017100023207103232E8101232C9101232AA1016F
:1017200023240101232661009317270093942200AC
:10173000631E062A93081000639E1553330EF500AE
:101740003303FE00B307F300138F0600938E0600E9
:10175000B748000083140500831F2500938E8E0078
:10176000139AD400939ADF00B30B9A40B382FA41E4
:10177000338B1B01338912011358FB409353F940FB
:10178000231005012311750003140E0083192E0088
:1017900093864600131CD4001396D900330D8C4059
:1017A000B30C3641B3051D01B3841C0193DFF54032
:1017B00013DAF4402310FE0123114E01831A0300B3
:1017C000831B2300130FCF009392DA00139BDB00DF
:1017D0003389524133087B41B303190133041801A3
:1017E00093D9F340135CF440231033012311830198
:1017F000039D07000396270013054500931CDD0099
:101800009314D600B385AC41B38FC440B38A1F0193
:10181000338A15019355FA4013D4FA402390B70048
:1018200023918700831C2300839BAEFF8313030057
:1018300083948EFF338D7C03031C0E00031B2E004C
:10184000039AC6FF0396E6FF0359C5FF8352E5FFDF
:1018500083194FFF831A6FFF13034300B38F930263
:10186000130E4E00938747001307F7FFB3849403CA
:10187000B3837303B38BAF41B38F1B0113DDFF4001
:10188000931B0D0193DF0B01330DF901931B0D0128
:101890003309F94113DD0B01B30CCB02B383930081
:1018A000B38B1301931F090113D90F0193DFFB4081
:1018B00093940F0193D30401B38B7200B3827240EF
:1018C00033084C0393940201939F0B0193DB0401B3
:1018D00093DF0F01231EA5FF231FF5FF3308984157
:1018E000B30C180193D3FC409392030113D8020167
:1018F000B3843503B3820B01B3830B41B30B5403A1
:10190000330CCC0233867441B304160193DCF440EB
:10191000939B0C0113D60B013308C80093140801E4
:1019200093DC0401330D9D41330B6A03338AC240BB
:10193000231EA3FFB3037600B3855503B30A6C01DE
:10194000B3821A0113DCF240931B0C0113D60B0176
:101950003308C9003309C94033043403B38985000F
:10196000B384190113DDF440131B0D0193550B01D2
:10197000B30AB60093920A0113DC0201B38F8F41C0
:10198000231FF3FF835BC5FF0356E5FF3304B84015
:10199000B38C7C013308CC00231E95FF231F05FF69
:1019A000231F7EFE231E8EFEB3832501239E77FE1A
:1019B000239F47FFE31007DA0324C1038324810335
:1019C0000329410383290103032AC102832A8102D7
:1019D000032B4102832B0102032CC101832C8101C3
:1019E000032D41011301010467800000130610005C
:1019F000639AC550330EF5003303FE00B307F300BE
:101A0000138F0600938E0600B7480000831405006C
:101A100083122500938E8E00939FD400139AD200D8
:101A2000B38A9F40B30B5A40338B1A0133891B0191
:101A30001358FB409353F9402310050123117500FF
:101A400003140E0083192E0093864600131CD40045
:101A50001396D900330D8C40B30C3641B3051D01EC
:101A6000B3841C0193D2F54093DFF44023105E0051
:101A70002311FE01031A0300831A2300130FCF0062
:101A8000931BDA00139BDA0033894B4133085B4127
:101A9000B30319013304180193D9F340135CF440E4
:101AA0002310330123118301039D070003962700B0
:101AB00013054500931CDD009314D600B385AC419B
:101AC000B382C440338A1201B38F150193D5FF400E
:101AD0009354FA402390B70023919700039C8EFF04
:101AE000039BAEFF83120300831C2300831B0E00A5
:101AF000B38F8203831A2E008399C6FF0396E6FFF5
:101B00000354C5FF8353E5FF03194FFF031A6FFF0B
:101B100013034300130E4E00338D6C03938747006D
:101B20001307F7FFB30C9C03B3826203338BAF41FF
:101B3000B30F1B0113DDFF40131B0D01935F0B015E
:101B4000330DF401131B0D013304F441135D0B013C
:101B5000338CCA02B3829201338B1201931F0401AA
:101B600013D40F01935FFB40939C0F0193D20C01A0
:101B7000338B5300B383534033883B03939C03015F
:101B8000931F0B0113DB0C0193DF0F01231EA5FF35
:101B9000231FF5FF33088841330C18019353FC4091
:101BA000939C030113D80C01B3822503B3030B01EB
:101BB000330C0B41338B4403B38BCB02338662412E
:101BC000B302160193DCF240139B0C0113560B0178
:101BD0003308C8009312080193DC0201330D9D41C4
:101BE000B3854503231EA3FFB383C340330C860193
:101BF000B38A5903B3842403B3895B01338A19017F
:101C0000935BFA40139B0B0113560B013308C4403E
:101C10003304C40033899500B302190113DDF24087
:101C2000931A0D0193D50A01B309B600139A09015D
:101C3000935B0A01B38F7F41231FF3FF035BC5FF53
:101C40000356E5FFB3840501B38C6C013388CB00E8
:101C5000231E95FF231F05FF231F7EFE231E9EFECE
:101C6000B303B440239E77FE239F87FFE31007DA78
:101C70006FF09FD4B30FF500338FFF002328B1011D
:101C8000B307FF00938A0600138A0600B7480000D6
:101C9000831D0500831E2500130F4F00139EDD00DA
:101CA0001393DE00330CBE413304D34133091C01CE
:101CB000B3021401135DF94093D5F2402310A5013E
:101CC0002311B50083990F00839B2F00938F4F0042
:101CD000139BD9001396DB00B30C3B4133087641CC
:101CE000B3831C01B30D180193DEF34013DEFD40F6
:101CF000239EDFFF239FCFFF0313CFFF031CEFFFC4
:101D0000130545001314D3001319DC00B30264401B
:101D1000330D8941B3851201B3091D0193DBF540F1
:101D200013DBF940231E7FFF231F6FFF839C0700F7
:101D300003962700938747001398DC00931DD60075
:101D4000B3039841B38ECD4033831301338E1E010C
:101D50009353F340135EFE40239E77FE239FC7FFFD
:101D600083190A0003132A00031DCFFF831CEFFF12
:101D7000832D8100832EC10003990600039626005F
:101D8000330ADA01B386B601B30E3D03039CCFFFDD
:101D9000839BEFFF8352C5FF0354E5FF039B0A00BB
:101DA00003982A001307F7FFB38A9A00B38D6C02D9
:101DB000B389990333036D02338DBE41B30E1D0108
:101DC00093DDFE40139D0D01935D0D01B38EB201B5
:101DD000139D0E01B382B241935E0D01B38CCB0211
:101DE00033033301330D1301939D020193D20D018F
:101DF000935DFD4093990D0113D30901330D6400E8
:101E000033046440B3052C0313130401931D0D0127
:101E1000135D030193D90D01231ED5FF231F35FF49
:101E2000B3859541B38C150113D4FC401313040101
:101E300093550301B38D63033304BD00B30CBD4060
:101E4000330D0E033306CC02338CAD41B30D1C01B0
:101E500013D3FD40131D0301135C0D01B3858501F0
:101E6000939D050113DD0D01B38EAE413309790356
:101E7000B30B8441231EDFFFB30C9C01B383030328
:101E800033082601330418011356F44013130601D6
:101E9000135C0301B3858201B3828241330E6E036A
:101EA000338BC301B30D1B0193DEFD4013990E016B
:101EB00013580901B3030C011394030113560401D1
:101EC000B389C940231F3FFF0353C5FF035CE5FFF0
:101ED000338E0541330D6D00B3058601231EA5FF2A
:101EE000231FB5FE239F9FFF239ECFFFB30C5800F7
:101EF000239E97FF239F77FFE31C07D8832D0101C3
:101F00006FF09FABB302F500B38FF2002328B1014D
:101F1000B387FF00938A0600138A0600B7480000C3
:101F20008313050003142500938F4F009395D3006E
:101F30001319D400B3897540330B8940B38B190151
:101F4000330C1B0193DCFB40135DFC402310950117
:101F50002311A501839D0200039E2200938242006B
:101F6000939EDD00131FDE003388BE413303CF4153
:101F7000B30318013306130113D4F3409355F6400D
:101F8000239E82FE239FB2FE0399CFFF8399EFFF2A
:101F900013054500131BD900939BD900330C2B412B
:101FA000B38C3B41330D1C01B38D1C01135EFD400E
:101FB00093DEFD40239FDFFF239ECFFF039F07009B
:101FC00003982700832D81001313DF001316D80018
:101FD000B303E3413304064133091401B38513010C
:101FE00093D3F540935EF940239077002391D70176
:101FF00083190A0003132A00039DCFFF839CEFFF80
:10200000032FC1000399060003962600330AEA0154
:10201000B386B601330F3D03039CC2FF839BE2FFEF
:10202000035EC5FF0354E5FF039B0A0003982A00E3
:10203000938747001307F7FFB38A9A00B38D6C02AA
:10204000B389990333036D02330DBF41330F1D0173
:10205000935DFF40139D0D01935D0D01330FBE0194
:10206000131D0F01330EBE41135F0D01B38CCB0264
:1020700033033301330D1301931D0E0113DE0D01E4
:10208000935DFD4093990D0113D30901330D640055
:1020900033046440B3052C0313130401931D0D0195
:1020A000135D030193D90D01231EE5FF231F35FFA7
:1020B000B3859541B38C150113D4FC40131304016F
:1020C00093550301B38D63033304BD40B30CBD00CE
:1020D000338D0E033306CC02338CAD41B30D1C019E
:1020E00013D3FD40131D0301135C0D01B38585015E
:1020F000939D050113DD0D01330FAF4133097903C2
:10210000B30B8C00239EEFFFB38C8C41B38303038E
:1021100033082601330418011356F4401313060143
:10212000135C0301B3058E41330E8E01B38E6E0333
:10213000338BD301B30D1B0113DFFD4013190F01C6
:1021400013580901B3030C0113940301135604013E
:10215000B389C940239F3FFF0353C5FF035CE5FFDD
:10216000B30EB800330D6D00B3058601231EA5FF25
:10217000231FB5FE239F92FF239ED2FFB30C0E4177
:10218000239E97FF239F77FFE31C07D8832D010130
:102190006FF09F8213000000130000001300000086
:1021A0009397260013071000B307F5006392E51C10
:1021B00013F816009382F6FF630C080883160500D7
:1021C000031E250013D31640935E1E402311D50134
:1021D00023106500839F07000397270013DF1F402C
:1021E000935317402390E70123917700831805004C
:1021F00083150600035E2500035326001398030190
:10220000939E080193160F01935F0801139F050128
:1022100033E7CE01B3E3F601B3686F00FB057788BF
:1022200013DE05012310C5012311B5007B03778A56
:10223000935E03012390D7012391670093860200E8
:102240001306460093874700130545006386022E58
:10225000831205000318250093DF1240135F184016
:102260002310F5012311E50103970700839327004D
:102270009355174093D813402390B700239117012B
:10228000831E050083120600035E2500035326000B
:1022900013980801939F0E01139F050193530801A2
:1022A0009398020133E7CF01B3657F00B3EE680076
:1022B000FB02B7E813DE02012310C501231155000C
:1022C0007B03B7EA935F0301239167002390F70133
:1022D000031F4500031865009303450093581F40F2
:1022E00023121501135718402391E30083954700EB
:1022F000839E67009382470013DE15402392C70137
:1023000013D31E4023916200831F4500031846002B
:1023100003DF2300835E66009318030193150E010B
:1023200013970F0113DE080113130801B36FE701C0
:102330003368D30133EFC5017B87EF81935E0701DB
:102340002312D5012391E300FB83EF8393D503018F
:102350002392B700239172009386E6FF130686004E
:102360009387870013058500E39406EE67800000DD
:1023700093F21600139825001383F6FF638C02086E
:10238000831605008313250093D5164093D8134078
:102390002310B50023111501039E0700839E27001B
:1023A000135F1E4093DF1E402390E7012391F70146
:1023B000031705008312060083532500035E2600E1
:1023C00093950F01931E070193160F0193D80501F2
:1023D000139F0201B3EF7E0033E71601B362CF0112
:1023E000FB83EF2813DE03012310C50123117500C1
:1023F000FB8EEF2A93D60E012390D7002391D701AD
:102400009306030033060601938747001305450032
:102410006306031203130500831825009355134028
:1024200013DF18402310B5002311E501839F070037
:102430000397270093D21F409353174023905700D0
:10244000239177008318060003130500835E25009F
:10245000035E2600939F030193950201131F03015E
:1024600093D20F01939308013367DF01B3E8C301EF
:10247000B3EE55007B03D789135E03012310C5011A
:10248000231165007B0FD78B93550F012390B70065
:102490002391E701831F45008312650093034500E4
:1024A00013D71F402312E50093DE12402391D3017E
:1024B0008398470003936700138E470093D5184015
:1024C0002392B7009352134023115E003306060196
:1024D000831E06000317450083DF2300035F2600E9
:1024E000939802011317070193920E01939505012A
:1024F00013D30801B36EF701B3EF650033E7E201D0
:10250000FB85FE7113DF05012312E5012391B30062
:10251000FB83FE7393D803012392170123117E00DE
:102520009386E6FF3306060193878700130585002F
:10253000E39206EE6780000067800000678000007D
:10254000130101F88328470023244107032A0700C9
:102550002326B105938D060033081A03232A91051B
:10256000232E1106232C8106232A910623263107C8
:10257000232C81052328A105232821072322510785
:10258000B38CCD029310280023206107232E710500
:102590002328110193061000930906001304050077
:1025A00093840500138C0700330D1500939C2C00B9
:1025B0006388D840330BCA0213098700939B280015
:1025C000930A05009385040013850A0093070C0005
:1025D0001307090093860D0013060B00EFF05FF65A
:1025E000B38A7A01B384940193070C00130709009E
:1025F00093860D0013060B0013850A0093850400D3
:1026000063025D11EFF0DFF3B38A7A01B3849401C2
:1026100093070C001307090093860D0013060B00A7
:1026200013850A0093850400630E5D0DEFF05FF1E2
:10263000B38A7A01B384940193070C00130709004D
:1026400093860D0013060B0013850A009385040082
:10265000630A5D0BEFF0DFEEB38A7A01B384940175
:1026600093070C001307090093860D0013060B0057
:1026700013850A009385040063065D09EFF05FECA3
:10268000B38A7A01B384940193070C0013070900FD
:1026900093860D0013060B0013850A009385040032
:1026A00063025D07EFF0DFE9B38A7A01B384940136
:1026B00093070C001307090093860D0013060B0007
:1026C00013850A0093850400630E5D03EFF05FE756
:1026D000B38A7A01B384940193070C0013070900AD
:1026E00093860D0013060B0013850A0093850400E2
:1026F000630A5D01B38A7A01EFF09FE4B384940129
:10270000E3125DED130D40000329CC00E304AA475A
:10271000634C4D43130E2000630ECA259300300016
:10272000E31E1A1683280101939C2900930E1000C2
:10273000338C9803139F2800B306E401373A000056
:10274000B30F8901839D2F00E398D94F3385E601AC
:10275000130C0900930CAAAA374D0000831904003A
:10276000031624001304440033889903938646001B
:102770001305450013094900130C8C009388F8FFDA
:10278000330A96033307A801135BF740231E64FF47
:10279000B30EAA0193D5FE40231FB4FE039FC6FFCC
:1027A0008390E6FF33039F03B38B9003B304A3012D
:1027B00093DAF440239E56FFB382AB0193D3F240E9
:1027C000239F76FE031EC5FF831FE5FFB3079E030D
:1027D000B3899F033386A7011358F640231E05FFD4
:1027E000338AA9019355FA40231FB5FE031FC9FF81
:1027F00003138CFF831BACFF8310E9FF8394C6FF98
:10280000839EE6FFB30203038353C4FF33079F0293
:10281000338BD003B38ABB02330E6741B30FAE01D3
:1028200093D7FF409399070113DA0901B38EEE03A2
:1028300033865241330FA6019352FF401397020192
:10284000135B0701330E4B01931A0E01B3096A4162
:1028500093DF0A41B380900293D71F40B383F340C4
:10286000239E76FE139A090193520A418354E4FF92
:10287000B305B30233831E00B30EA30113D6FE408B
:10288000131F060113570F0133880B03B38B050188
:10289000338BAB01935AFB40939F0A0193D70F01EF
:1028A000B303F7409390030193D90041338AE700C3
:1028B000B385B90313130A01935E034113D61E4077
:1028C000B384C440239F96FE0357E4FF035FC4FF15
:1028D0003308EA00B382B203330EEE01231EC4FFB5
:1028E000231F04FF338BA50183DBC6FF935AFB40F4
:1028F000939F0A0193D30F01B3877301231EF5FE43
:10290000B389A20183D0E6FF13DAF94093150A01D7
:1029100013D30501B38E6040231FD5FF03D6C6FF36
:10292000B3047640239E96FE03DFE6FF3307E30100
:10293000239FE6FEE39408E28320C1070324810776
:1029400083244107032901078329C106032A81063D
:10295000832A4106032B0106832BC105032C810525
:10296000832C4105032D0105832DC10413010108AA
:1029700067800000130504000324810783260101FA
:102980008320C10783244107032A8106832A410645
:10299000032B0106832BC105032C8105832C4105E4
:1029A000032D0105832DC104130609009385090039
:1029B000032901078329C106130101086FF04FFEA7
:1029C000B307AD409382C7FF13D3220093031300D4
:1029D00013F57300130704006302050C6302150B63
:1029E000930520006302B508130630006302C50694
:1029F000130E40006302C505930E50006302D50319
:102A0000130F6000E31CE52183DD0400130747007A
:102A1000231EB7FF83D62400B3849401231FD7FE5F
:102A200083D0040013074700231E17FE03DB240096
:102A3000B3849401231F67FF03D9040013074700E1
:102A4000231E27FF83DB2400B3849401231F77FF19
:102A500083DA040013074700231E57FF83D724009F
:102A6000B3849401231FF7FE83D2040013074700A9
:102A7000231E57FE03D32400B3849401231F67FE53
:102A800083D3040013074700231E77FE03D52400D9
:102A9000B3849401231FA7FEE306EDC683D8040088
:102AA000338E940113070702231017FF83D42400E9
:102AB000B30E9E01338F9E01231197FE835F0E009C
:102AC000B3059F01338695012312F7FF03582E00AB
:102AD000B30D9601B3809D01231307FF83D60E002B
:102AE000B38490012314D7FE03DB2E00231567FF68
:102AF00003590F00231627FF835B2F00231777FF4F
:102B000083DA0500231857FF83D725002319F7FE22
:102B100083520600231A57FE03532600231B67FE29
:102B200083D30D00231C77FE03D52D00231DA7FEA4
:102B300083D80000231E17FF03DE2000231FC7FFDA
:102B4000E31EEDF46FF01FBC930C500063189A5510
:102B500083240101338C9902139A2400B30E44019B
:102B6000338F4E01B30F4F01338A4F0193152C0061
:102B70003307B900B30DB700031607000318270089
:102B800083900D00232AC100232201012326110274
:102B9000039C2D00E35290DA93961900338B360193
:102BA000930C0900939B2900939A39003729000060
:102BB00093172B009399490023287103232A51036B
:102BC000232EF102232C3103938B0C0023240100CC
:102BD000130E9999B7400000232C910123209101F5
:102BE000831304000315240013044400B384C303B7
:102BF000938E4E00130F4F0083288100938F4F0058
:102C0000130A4A00138D18002324A101B305C5033C
:102C100033871400935DF740231EB4FF33861500FD
:102C20001358F640231F04FF8396CEFF039BEEFF4D
:102C30003389C603B30ACB03B307190093D9F7400E
:102C4000239E3EFFB3821A0013D3F240239F6EFEF1
:102C50008313CFFF0315EFFFB388C303330DC50301
:102C6000B384180093D5F440231EBFFE8324810152
:102C70008325010033071D00935DF740231FBFFF2D
:102C80000396CFFF0398EFFFB306C603330BC803C9
:102C900033891600935AF940239E5FFFB3071B0048
:102CA00093D9F740239F3FFF8312CAFF8313EAFFA4
:102CB000138B04003383C2033385C303B3081300AB
:102CC00093D7F840231EFAFE330D15001358FD402C
:102CD000231F0AFF839D0400031DCFFF0397EFFF0F
:102CE0008396240083930500039325003305BD03D9
:102CF0008314EFFF8398CFFF2322E102232EB1013B
:102D000083254103832D010383920C0003972C003C
:102D1000330BBB00B38CBC0183250100832DC103A1
:102D2000232C61010396CEFF338BB501B385D4020A
:102D3000832D81032320610103990B002326C10009
:102D400003962B00B38BBB01232011038359C4FFCF
:102D5000839AEEFF3305B540330B1500935DFB40BE
:102D6000032B410293950D01B388780213D5050119
:102D7000232421030359E4FFB3056B02B306DD02EC
:102D8000338DB840B3081D0093DDF84093950D01D5
:102D900093D80501330D1501931D0D0193D50D0138
:102DA00033051541139D0501931805010325C10144
:102DB000935D0D4113DD08412322A103338D3501BD
:102DC00083250102B3049502232E5101B3836303CB
:102DD000B3869600B388160013D5F8409314050106
:102DE00013D50401338365028325C10033037300C7
:102DF000B308130093D4F840139B0401B386550223
:102E000093550B01B303B50013930301135B030147
:102E10003305B540B3032B0193180B01032B81023B
:102E2000931405013383EA0293D5044193D80841F2
:102E3000B3866640B38416003385670393DAF440A3
:102E400013930A01832AC10093560301B304C802F5
:102E500033059540330315009354F3403387EA025A
:102E6000939A040113D30A01338566009314050174
:102E700013D50401931A050193D40A41832AC10191
:102E8000330DA501B387C702B3866640231EA4FF96
:102E90001393060193560341B38252033308680328
:102EA00033065700330716001355F7401313050177
:102EB000935A0301B3820701338D12009357FD40EB
:102EC00013960701032DC102135706013385EA004B
:102ED000131305013385AD03135B030113180B01B5
:102EE000B3037B0093570841B38AEA4093920A01E7
:102EF00013D70241231F74FE33031500135BF34005
:102F0000032341013386A803B38A6901338864022D
:102F1000330516009353F54033067900338B67026F
:102F2000B302180013D8F240B38A0A0113950A01BC
:102F3000832A410013580501330B1B009352FB40B9
:102F400033065600330557039313060113DB0301C1
:102F500033868503330515001355F540B30316007A
:102F600013D6F3403305C500B3825603931A050107
:102F700013D60A01832A4102B303C8403305C800AF
:102F8000239E7EFE33888A03B382120013D6F2405A
:102F9000B3886802330818009352F840330656008D
:102FA0009313060113D80301B3020B01239F5EFEA6
:102FB000231EAAFE330B0B41B38D6D02338618001E
:102FC000832841009353F64033097900231F6AFF99
:102FD000B384A40333851D00935DF540B389B90123
:102FE000B387A703338D14001358FD40B382090142
:102FF000139B0201935D0B01B38515033383170007
:103000001355F340B309A9009394090193D3040124
:1030100033078703338615001359F64093170901C8
:1030200013DD0701B3868603330817009352F84077
:10303000139B020193550B013303BD40B389A54196
:1030400033856D008325010103238100B38A1A03B0
:10305000B388160093D4F840139704011356070160
:10306000231EAFFEB38D3D0133891A009357F940FB
:10307000139D070193560D013308D640B382030117
:10308000338BC640231F5FFEB3836301239EBFFFC4
:10309000239F7FFEE39665B46FF01F8A931C2A007E
:1030A00013850C0083240C00EF10407CE300050620
:1030B000832D01016356B03393081000138D0D006A
:1030C00063961D57635E4031938DCCFF93D32D00E3
:1030D000B78500001383F5FFB70A010093FF1300C3
:1030E000334C4303130E04003383AC001306050076
:1030F00093060400B74C0000138BFAFF63940F048F
:10310000031F0400831224001306450093064400A5
:10311000B3078F0333878203338897019350F840B6
:10312000939E000193D80E01B3FB6801330D970104
:10313000935DFD4093930D01B3EF7B002320F501D8
:103140006300C30883950600839A4600039F260008
:103150008392660033878503130686009386860074
:10316000B3878A03330897019350F840939E000178
:1031700093D80E01B3FB6801330D8F03B38D970114
:1031800093D3FD40939F030193D50F01B3FA6501DB
:10319000B3828203330F9D011357FF40931707013A
:1031A00033E8FB00232C06FFB380920193DEF0404E
:1031B00093980E01B3EB1A01232E76FFE314C3F8A4
:1031C000835F050083522500130C10002310F401C7
:1031D0002311540063068A21130F00009308000096
:1031E000930E450037480000B30CD341138BCCFF3E
:1031F00013562B00137D160083160400831724003A
:1032000093850E001306000063140D061386080054
:1032100063C4980033869840931D2600B303B90118
:10322000839A23008390030003970E00839B2E0054
:1032300093854E00B30C1702338C5B03330B57039B
:10324000338D8C41B30D0D0193D3FD40B386D30074
:10325000939A060193D60A412310D400B3807003D9
:1032600033071B00B30B070193DCFB406F00400DDD
:10327000330616016344960033069640131C26005D
:10328000330B8901831D2B00031D0B00839A05005E
:103290008390250033061601B383AA039385450066
:1032A000B38BB0033387BA03B38C7341338C0C01F7
:1032B000135BFC40B306DB00939D060193D30D41E5
:1032C00023107400330D1D02B30AA701B3800A0155
:1032D00093DBF040B387FB0013970701935C074132
:1032E000231194016344960033069640131C260074
:1032F000330B8901031D2B00831D0B00839A0500EE
:103300008390250093854500B386BA03B38BA00351
:10331000B387AA0333877641330C0701135BFC4064
:10332000B3037B00139D030193560D412310D4007A
:10333000B38D1D02B38AB701B3800A0193D7F04061
:10334000B3879701939C070193D70C412311F40095
:10335000E310B3F2130F1F00130E4E00B3883801B1
:103360006300EA0913040E002310FE0123115E001E
:103370006FF09FE7130504000324810703264C0028
:10338000032701018320C10783244107032A810603
:10339000832A4106032B0106832BC105032C8105DB
:1033A000832C4105032D0105832DC10493060900DB
:1033B00093850900032901078329C1061301010828
:1033C0006FE00FB2832081000325C1008326010135
:1033D0009386160013044400330C9C016396D02896
:1033E000032481078320C1078324410703290107A0
:1033F0008329C106032A8106832A4106032B01067D
:10340000832BC105032C8105832C4105032D010568
:10341000832DC104130101086F10004683DF0400EF
:10342000130744002310F40103D82400B38494014B
:10343000231104016FF04FDD939939003388E601C1
:1034400013050900130DAAAA37460000831B0400C8
:10345000831A240013044400B384AB03938646000C
:10346000130848009388F8FFB387AA033387C40082
:103470009352F740231E54FE338BC7009353FB40F7
:10348000231F74FE8395C6FF0393E6FF338EA503C7
:10349000B300A303330CCE00935EFC40239ED6FF03
:1034A000338FC000935FFF40239FF6FF031AC8FFCE
:1034B000831BE8FFB30AAA03B384AB03B387CA0034
:1034C00093D5F740231EB8FE3387C4009353F740CB
:1034D000231F78FE83120900031E050083102500B8
:1034E00003132900839FC6FF039BE6FF338FC503A9
:1034F000035AC4FF3309990133053501B38E5F02C6
:10350000330C6B02B38B1302B38A8E41B384CA00AF
:1035100093D7F44013970701935E070133836F023B
:10352000B30F7F41338FCF00135CFF40931B0C011F
:1035300093D40B01B38F9E00939A0F0193D70A4146
:1035400013D71740338B6203330AEA40239E46FFAA
:10355000B38E9E40139F0E01135C0F418352E4FF14
:10356000B3851502B30063013383C000935BF3405E
:1035700093940B0193DA0401B383C303338E750074
:10358000B307CE0013D7F740131A0701135B0A01E4
:10359000B38E6A41139F0E0193550F41B3806A01A8
:1035A0003383B503939B000193D40B4193DA14400A
:1035B000B3825241239F56FE8353C4FF035EE4FF50
:1035C000B38F7F00330CBC03B387C001231FF4FE0D
:1035D000231EF4FF330AC30003D7C6FF135BFA4070
:1035E000931E0B0193D50E01338FE500231EE8FFD8
:1035F0003303CC0083D0E6FF935BF34093940B013D
:1036000093DA0401B3825041231F58FE83D3C6FFCF
:10361000338EB340239EC6FF83DFE6FFB387FA01F4
:10362000239FF6FEE39408E26FF00FB193800D0044
:10363000B38DB903378E0000B70201001308FEFFF7
:10364000938BF2FFB385AC0093132D00130C000095
:10365000930600002322010137430000232071015B
:10366000930F4500938C0900E35440D7338BA5405A
:10367000832E4100930ACBFF93D72A0093F91700BA
:1036800033C64E03130D0500130E040063960904A0
:10369000031F04000317240083270100130D4500B6
:1036A000330E7400B308CF023308C702B382680038
:1036B00093DBF240139B0B01935A0B01B3F9FA0011
:1036C000B30E680013DFFE4013170F01B3E8E900E3
:1036D00023201501630CBD0633087E0083120E0003
:1036E000831B2E00031B0800831A2800B387C20225
:1036F000330E780083280100130D8D00B389CB02AF
:10370000B38E670013DFFE4033771F013308CB020F
:10371000B382690093DBF240139B0B01B36767012F
:10372000232CFDFEB38ACA02B309680093DEF94078
:1037300033FF1E01B3886A0013D7F840131807013E
:10374000B3620F01232E5DFEE318BDF8035B050095
:10375000835A25001306100023106401231154011D
:10376000130E0400E306CAC6130F040093020C00F4
:1037700093090000232411002326A1002328D1004F
:103780003385F5419300C5FF93D6200013FD160045
:10379000831E0E0083172E0013860F009306000071
:1037A00063140D069386020063C49200B3869240B0
:1037B000939B2600B30879010398080083902800A2
:1037C00003970F00839B2F0013864F0033050703D9
:1037D000338D1B02B3081702B300A5413387600085
:1037E0001355F740B30ED501139D0E01935E0D41A5
:1037F0002310DE0133087803B38B0801B3886B0014
:1038000013D7F8406F00400DB386560063C496008E
:10381000B3869640139726003305E90083102500F0
:1038200003180500831B060083182600B386560084
:1038300033850B031306460033871B02338D1802B2
:1038400033081803B300A541B38B600013D5FB40C8
:10385000B30ED501139D0E0193500D4123101E0090
:10386000B308070133876800935BF740B387FB0019
:1038700013950701135705412311EE0063C4960009
:10388000B3869640939E2600330DD90183180D0010
:1038900083172D0003150600831B26001306460020
:1038A00033081503B38EFB02330DF502B307D8417D
:1038B000338567001358F540B3001800939E00014C
:1038C00093DE0E412310DE01B3887803B30B1D0194
:1038D000338D6B009357FD40B387E700939007014A
:1038E00093D700412311FE00E390C5F2938919009C
:1038F000330F7F00B382B201E3063AAD130E0F001F
:1039000023106F0123115F016FF09FE7170401007F
:1039100003240421032904001306700193051000F9
:103920008326C90017F500001305C52AEF10904B38
:10393000032A040093051000130690018326CA0091
:1039400017F500001305852AEF10D04983240400E1
:10395000032481078320C10783A5C400032901072D
:10396000832441078329C106032A8106832A41064D
:10397000032B0106832BC105032C8105832C4105F4
:10398000032D0105832DC1041305A00013010108B7
:103990006F105026130000001300000013000000F9
:1039A000130101FE232C810093073500232E110003
:1039B00013040500139527006380060663020604BE
:1039C00083A0060063EEA00223A0A6001305060054
:1039D0008320C10123208500032481019702010077
:1039E00083A2C213170301000323C3132322B500CC
:1039F000232655002324650013010102678000007F
:103A000023A0A600130500008320C1010324810127
:103A100013010102678000002326B100EF0010654A
:103A20008325C100E31605FA130500006FF0DFFDE2
:103A3000130101FE232C8100232E11001304050025
:103A40006382C502032784009307040003248101D5
:103A50008320C101130506001306100013010102A3
:103A60006FE01FAE232A910093840500638805064A
:103A700003250500232821012326310113152500E4
:103A800013890600EF00905E930905006308050A9C
:103A9000032784009307040093060900938504001C
:103AA00013061000EFE0DFA9032604009385090048
:103AB0001385040013162600EF20C07E0324810125
:103AC00083244101032901018320C10113850900D9
:103AD0008329C100130101026F00105A97040100ED
:103AE00083A4040483A0040013067001930510004E
:103AF00083A6C00017F5000013050511EF10902EE6
:103B000083A30400930510001306100183A6C300CD
:103B100017F500001305C510EF10D02C83A5040085
:103B2000832441011305A00083A5C500032481015E
:103B30008320C101130101026F10D00B1704010093
:103B4000032404FE8327040013067001930510006C
:103B500083A6C70017F500001305C50DEF109028C8
:103B600083220400930510001306800183A6C2007F
:103B700017F500001305850DEF10D0260323040070
:103B800083244101032901018325C3008329C10046
:103B90001305A0006FF09FF9130000001300000050
:103BA000130101FF232481002326110013040500C3
:103BB0006384C50203278400930704000324810063
:103BC0008320C100130506009306100013061000A1
:103BD000130101016FE0DF96232291009384050019
:103BE0006382050603250500232021011315250006
:103BF000EF00D047130905006306050A0327840078
:103C00009307040093850400930610001306100028
:103C1000EFE01F93032604009305090013850400B9
:103C200013162600EF20006803248100832441003E
:103C30008320C100130509000329010013010101BC
:103C40006F0090439704010083A484ED83A00400D7
:103C5000130670019305100083A6C00017F500003D
:103C6000130585FAEF10101883A3040093051000C4
:103C70001306100183A6C30017F50000130545FACB
:103C8000EF10501683A50400832441001305A00003
:103C900083A5C500032481008320C1001301010115
:103CA0006F10407517040100032484E78327040084
:103CB000130670019305100083A6C70017F50000D6
:103CC000130545F7EF10101283220400930510002E
:103CD0001306800183A6C20017F50000130505F73F
:103CE000EF10501003230400832441000329010036
:103CF0008325C3001305A0006FF0DFF91300000057
:103D00006780000013000000130000001300000093
:103D10009377150093063000130750001308100026
:103D2000639407189307050013D6F701B302F60052
:103D300093D7124013D3F70193F51700B303F300A1
:103D40006394050893D7134093D8F70193FE1700A7
:103D5000338EF800639A0E0693571E4013DFF70167
:103D600013F61700B30FFF006310060693D71F402A
:103D700093D2F70193F317003383F20063960304A1
:103D80009357134093D5F70113FE1700B388F5003E
:103D9000631C0E0293D7184093DEF70193FF1700C0
:103DA000338FFE0063920F0293571F4013D6F70123
:103DB00013F31700B302F6006318030093D7124001
:103DC00093F31700E38203F6B3E5D7026392050687
:103DD000B3C7D702B3E8D702639C0804B3C7D702BE
:103DE00033EED70263160E04B3C7D702B3EED70281
:103DF00063900E04B3C7D70233EFD702631A0F02E2
:103E0000B3C7D702B3EFD70263940F02B3C7D70289
:103E100033E6D702631E0600B3C7D702B3E2D70268
:103E200063980200B3C7D70233E3D702E30203FA71
:103E3000B3E3E70263920306B3C7E702B3E5E70221
:103E4000639C0504B3C7E702B3E8E702639608047E
:103E5000B3C7E70233EEE70263100E04B3C7E7020D
:103E6000B3EEE702639A0E02B3C7E70233EFE7024D
:103E700063140F02B3C7E702B3EFE702639E0F00BC
:103E8000B3C7E70233E6E70263180600B3C7E702E9
:103E9000B3E2E702E38202FA635CF800130515005F
:103EA00093771500E38007E8930705006FF0DFF1D3
:103EB000678000000000000000000000000000001B
:103EC0001308000063C6051263DC0600B337C000A8
:103ED000B306D0401348F8FFB386F6403306C0401F
:103EE000930806001307050013830500639A060E66
:103EF00063F4C516B70701006364F622B707000133
:103F0000930680016374F60093060001B7370180C1
:103F1000335ED600938747C6B387C70183C70700C0
:103F2000130E0002B387D700B306FE40630CFE00F9
:103F30003393D500B357F500B318D60033E36700C9
:103F40003317D50013D608013355C30293960801E1
:103F500093D60601935707013373C302B385A602B4
:103F600013130301B3E7670063FCB700B387F800DE
:103F70001303F5FF63E4170163E6B740130503007D
:103F8000B387B740B3D5C70213170701135707010B
:103F9000B3F7C702B386B602939707013367F700FA
:103FA000637ED7003387E8009387F5FF63661701C8
:103FB0009385E5FF6364D70093850700131505011A
:103FC0003365B50093050000630A0800B337A0000D
:103FD000B305B040B385F5403305A04067800000CD
:103FE00063F4D50293050000130500006FF0DFFDB8
:103FF000B337A000B305B040B385F5403305A0400A
:104000001308F0FF6FF05FECB707010063E8F61EDE
:10401000B70700019308800163F4F60093080001DC
:10402000B737018033D71601938747C6B387E700B8
:1040300003C707009307000233071701B388E7405F
:104040006396E71C63E4B6303335C50013351500BD
:10405000930500006FF05FF7630C060CB7070100D3
:10406000637CF62C13330610133313001313330041
:10407000B3566600B7370180938747C6B387D7002A
:1040800083C6070093070002B3866600B38ED7404D
:104090006394D70CB386C54013530601131606016B
:1040A000135606019305100033D566029357070196
:1040B000B3F66602330EC50293960601B3E7D70046
:1040C00063FCC701B387F8009306F5FF63E41701AB
:1040D00063E4C72B13850600B387C741B3D66702D5
:1040E0001317070113570701B3F767023386C60298
:1040F000939707013367F700637EC7003387E800B3
:104100009387F6FF636617019386E6FF6364C70033
:1041100093860700131505013365D5006FF0DFEABC
:104120009336061093B61600939636006FF01FDE96
:10413000B737018093060000938747C6B387D7003F
:1041400083C607001303000093070002B3866600CE
:10415000B38ED740E380D7F4B318D60133DED50051
:1041600013D30801B3576E021396080113560601C4
:10417000B356D5003317D501B395D501B3E6B600D4
:1041800093D50601337E6E023305F602131E0E012F
:10419000B3E5C50163FEA500B385B800138EF7FF34
:1041A00063E4151D63F2A51C9387E7FFB385150132
:1041B000B385A54033D565029396060193D60601D3
:1041C000B3F56502330EA60293950501B3E6B6007A
:1041D00063FEC601B386D8009305F5FF63EE16179C
:1041E00063FCC6171305E5FFB38616019395070117
:1041F000B386C641B3E5A5006FF01FEB93B8061078
:1042000093B81800939838006FF09FE1B35EE60012
:10421000B3961601B3EEDE0033D3E50013DF0E01D3
:10422000B357E303139E0E01B3951501135E0E0100
:104230003357E5003367B70093560701331616016D
:104240003373E303B305FE0213130301B3E6660001
:1042500063FEB600B386DE001383F7FF63EAD61170
:1042600063F8B6109387E7FFB386D601B386B640EE
:10427000B3D5E6031317070113570701B3F6E60397
:104280003303BE02939606013367D700637E67004F
:104290003387EE009386F5FF6364D70D6372670C76
:1042A0009385E5FF3307D70193970701370F010087
:1042B000B3E7B7009306FFFFB3F5D70013DE07019E
:1042C000B376D60013560601B38ED5023307674086
:1042D000B306DE0213D30E01B385C502B385D50044
:1042E000B305B300330ECE0263F4D500330EEE01F6
:1042F00093D60501B386C601636AD7026308D70067
:1043000013850700930500006FF01FCCB70601006E
:104310009386F6FF33F7D50013170701B3FEDE00CF
:10432000331515013307D701E37CE5FC1385F7FF4F
:10433000930500006FF05FC9B7070001637AF604C8
:1043400093560601130300016FF0DFD293050000BE
:10435000130510006FF05FC7138505006FF01FE9AC
:10436000938506006FF05FF493070E006FF05FE433
:10437000930703006FF09FEF1305E5FFB387170165
:104380006FF09FD51305E5FFB38717016FF05FBF8F
:1043900093568601130380016FF0DFCD13080600EA
:1043A00093080500138705006390060E63FEC5128F
:1043B000B7070100636EF61EB70700019306800180
:1043C0006374F60093060001B73701803353D600BB
:1043D000938747C6B387670083C7070013030002AC
:1043E000B387D700B306F340630CF3003397D500CF
:1043F000B357F5003318D60033E7E700B318D500FC
:10440000135608013355C7029316080193D60601C7
:1044100093D708013377C702B385A60213170701A4
:10442000B3E7E70063FCB700B307F8001307F5FF35
:1044300063E4070163E0B73E13050700B387B740A5
:1044400033D7C7029398080193D80801B3F7C7027E
:10445000B386E60293970701B3E8F80063FED8003D
:10446000B30818019307F7FF63E608011307E7FF96
:1044700063E4D80013870700131505013365E500D1
:10448000930500006780000063F8D50093050000E5
:104490001305000067800000B707010063E8F61EFF
:1044A000B70700011308800163F4F6001308000148
:1044B000B737018033D70601938747C6B387E70034
:1044C00003C7070093070002330707013388E7405B
:1044D0006396E71C63E4B6303335C5001335150029
:1044E0009305000067800000630C060CB70701000D
:1044F000637CF62C13370610133717001317370099
:10450000B356E600B7370180938747C6B387D70015
:1045100083C7070093060002B387E700B38EF64017
:104520006394F60CB387C540935606011316060133
:10453000135606019305100033D5D70213D708018F
:10454000B3F7D7023303C50293970701B367F700A8
:1045500063FC6700B307F8001307F5FF63E4070186
:1045600063E4672A13050700B387674033D7D70290
:104570009398080193D80801B3F7D7023306C7020E
:1045800093970701B3E8F80063FEC800B308180169
:104590009307F7FF63E608011307E7FF63E4C8002A
:1045A00013870700131505013365E50067800000D8
:1045B0009336061093B61600939636006FF0DFE040
:1045C000B737018093060000938747C6B387D700AB
:1045D00083C707001307000093060002B387E700B4
:1045E000B38EF640E380F6F43318D60133D3F500EA
:1045F00093560801335ED30213160801B395D50113
:1046000013560601B357F500B3E7B70013D70701F8
:10461000B318D5013373D302B305C60313130301D3
:1046200033676700637EB7003307E8001305FEFFBA
:104630006364071D6372B71C130EEEFF3307070197
:104640003307B7403355D7029397070193D7070134
:104650003377D7023303A60213170701B3E7E70046
:1046600063FE6700B307F8001307F5FF63EE071753
:1046700063FC67161305E5FFB387070193150E0169
:10468000B3876740B3E5A5006FF01FEB13B80610C2
:1046900013381800131838006FF09FE1335EE600FE
:1046A000B3960601336EDE00B3D8E500935E0E01CB
:1046B000B3D7D80313130E01B395050113530301A8
:1046C0003357E5003367B7009356070133160601E9
:1046D000B3F8D803B305F30293980801B3E61601C3
:1046E00063FEB600B306DE009388F7FF63EAC611E7
:1046F00063F8B6109387E7FFB386C601B386B6406A
:10470000B3D5D6031317070113570701B3F6D60322
:10471000B308B302939606013367D700637E17018F
:104720003307EE009386F5FF6364C70D6372170DC0
:104730009385E5FF3307C70193970701B70E010083
:10474000B3E7B7009386FEFFB3F5D70013D3070195
:10475000B376D60013560601338ED50233071741C0
:10476000B306D30293580E01B385C502B385D500B5
:10477000B385B8003303C30263F4D5003303D30118
:1047800093D60501B3866600636AD7026308D70033
:10479000138507009305000067800000B70601003D
:1047A0009386F6FF33F7D50013170701337EDE003B
:1047B000331505013307C701E37CE5FC1385F7FFDB
:1047C0009305000067800000B7070001637AF604D4
:1047D00093560601130700016FF0DFD29305000026
:1047E0001305100067800000130507006FF01FE934
:1047F000938506006FF05FF4130E05006FF05FE421
:10480000938708006FF09FEF1305E5FFB38707015B
:104810006FF09FD51305E5FFB38707016FF01FC247
:1048200093568601130780016FF0DFCD93050500D5
:104830009306000013060000130500006F10904956
:10484000130101FF9305000023248100232611009A
:1048500013040500EF10905183A781F563840700CE
:10486000E780070013050400EFB09FE493050500FF
:1048700003A541F46F0000019305050003A541F471
:104880006F109075130101FD232E310123261102B3
:104890002324810223229102232021039387B50040
:1048A00013076001930905006360F708930700018F
:1048B00063E0B720EF0000789307800193052000A4
:1048C0009304000113898182B307F90003A4470010
:1048D000138787FF6300E434832744008326C400E2
:1048E0000326840093F7C7FFB307F40003A747002C
:1048F0002326D60023A4C6001367170013850900DA
:1049000023A2E700EF004073130584008320C10257
:104910000324810283244102032901028329C10166
:10492000130101036780000093F487FF63C2071837
:1049300063E0B418EF0000709307701F63F6973EB2
:1049400093D79400638E071613074000636CF73209
:1049500093D76400938597031388870313963500D4
:10496000138981823306C90003244600130686FF9B
:10497000630886021305F0006F0040018326C4001F
:1049800063560728630ED60013840600832744006D
:1049900093F7C7FF33879740E352E5FE930508007E
:1049A0000324090193088900630E1425832744001A
:1049B0009306F00093F7C7FF3387974063CCE63642
:1049C000232A190123281901635007341307F01F04
:1049D000032549006368F72413F787FF130787004F
:1049E0003307E9008326070013D65700930710000A
:1049F000B397C7003365F500930787FF2326F400BC
:104A00002324D4002322A9002320870023A6860084
:104A100093D72540130610003316F600636AC50AC3
:104A2000B377A600639407021316160093F5C5FF2B
:104A3000B377A60093854500639A07001316160006
:104A4000B377A60093854500E38A07FE1308F000BC
:104A50001393350033036900130503008327C50052
:104A6000138E05006302F52403A747001384070093
:104A700083A7C7001377C7FFB30697406342D824C4
:104A8000E3C206FE3307E4008326470003268400C2
:104A90001385090093E616002322D7002326F6008B
:104AA00023A4C700EF004059130584006FF01FE6F0
:104AB0009307C00023A0F900130500006FF01FE565
:104AC00013060020930500041308F0036FF05FE95C
:104AD00003248900232861018327440013FBC7FFB7
:104AE00063689B0033079B409307F00063CAE70CA1
:104AF00023229101232A510103A7C1F383AA41F57F
:104B0000232C4101232671019307F0FF330A64012E
:104B1000B38A54016306F73CB71700009387F70088
:104B2000B38AFA00B7F7FFFFB3FAFA0093850A00D9
:104B300013850900EF10804D9307F0FF930B0500DC
:104B4000630AF54423248101636E4523138C81F6A7
:104B500083250C00B385BA002320BC001387050011
:104B60006316AA2A931745016392072A832B8900AB
:104B7000B3075B0193E7170023A2FB0083A601F5AF
:104B800063F4B60023A8B1F483A6C1F463F4B600BD
:104B900023A6B1F4032C810013840B0093F7C7FF05
:104BA0003387974063EA97389307F00063D6E73876
:104BB000032A8101832A4101832BC100832C4100F8
:104BC00093E714002322F400B304940023249900F3
:104BD000136717001385090023A2E400EF00C04506
:104BE0008320C1021305840003248102032B0101E9
:104BF00083244102032901028329C1011301010316
:104C000067800000032549006FF09FE003268400C1
:104C10006FF09FCD03A4C70093852500E38287D85A
:104C20006FF09FCB13D797009306400063F2E61412
:104C30009306400163E4E6321306C7059306B70501
:104C4000131636003306C90003270600130686FF35
:104C50006318E6006F004029032787006308E60019
:104C60008326470093F6C6FFE3E8D7FE0326C70076
:104C70002326C4002324E40023248600232687005F
:104C80006FF01FD9130740016378F7101307400531
:104C90006364F72E93D7C4009385F7061388E7065D
:104CA000139635006FF0DFCB130E1E0093773E0096
:104CB00013058500638007108327C5006FF09FDA16
:104CC0000326840093E514002322B4002326F60073
:104CD00023A4C700B3049400232A99002328990031
:104CE00093E7160023A6140123A4140123A2F400C1
:104CF0003307E400138509002320D700EF00C033F9
:104D0000130584006FF09FC0B307F40003A74700AA
:104D1000138509001367170023A2E700EF00C031D5
:104D2000130584006FF09FBE93D5340093878400F1
:104D30006FF05FB993E614002322D400B30494000B
:104D4000232A9900232899009366170023A61401AB
:104D500023A4140123A2D400B307F400138509008F
:104D600023A0E700EF00402D130584006FF01FBA69
:104D700013D76700130697039306870313163600AD
:104D80006FF05FEC630C240703248900032C81007F
:104D9000832744006FF09FE09385C7051388B7050C
:104DA000139635006FF0DFBB832783009385F5FFF3
:104DB000639E672693F73500130383FFE39607FE90
:104DC000032749009347F6FFB3F7E7002322F900D2
:104DD00013161600E3EEC7CEE30C06CE3377F600CB
:104DE000631A0700131616003377F600130E4E00F1
:104DF000E30A07FE93050E006FF09FC5138C81F642
:104E000003270C003387EA002320EC0083A6C1F3BC
:104E10009307F0FF6386F618B3874B41B387E7002B
:104E20002320FC0093FC7B00638C0C0CB38B9B4118
:104E3000B717000093878700938B8B00B38597414A
:104E4000B38A5B01B38555419395450113DA45015A
:104E500093050A0013850900EF10401B9307F0FF2C
:104E60006300F51833057541B30A450103270C00AB
:104E70002324790193E71A00B305EA002320BC003C
:104E800023A2FB00E30C24CF9306F00063F0660B33
:104E90000327440093074BFF93F787FF137717000F
:104EA0003367F7002322E400130650003307F400B1
:104EB0002322C7002324C70063E6F60083A74B0024
:104EC0006FF0DFCB9305840013850900EF10D0103D
:104ED000832B890083250C0083A74B006FF01FCA2A
:104EE000938A0A016FF09FC493D62640930710005F
:104EF000B397D7003365F5002322A9006FF05FD781
:104F0000B3855B01B305B0409395450113DA4501C4
:104F100093050A0013850900EF10400F9307F0FF77
:104F2000E312F5F4130A00006FF05FF4032C810024
:104F30009307100023A2FB0013850900EF00C00FA8
:104F400013050000032A8101832A4101032B01017B
:104F5000832BC100832C41006FF05F9B93064005BB
:104F600063E4E60413D7C7001306F7069306E706C3
:104F7000131636006FF01FCD130740156364F70456
:104F800093D7F40093858707138877071396350026
:104F90006FF01F9D03248900832744006FF01FC01A
:104FA00023AE71F36FF01FE89306401563E4E60447
:104FB00013D7F700130687079306770713163600F3
:104FC0006FF05FC8130740556364F70493D724015B
:104FD0009385D7071388C707139635006FF05F983E
:104FE000938C8CFFB38A9A01B38A7A41130A00002A
:104FF0006FF0DFE79306405563E4E60213D727011D
:105000001306D7079306C707131636006FF09FC322
:105010001306803F9305F0071308E0076FF05F94D5
:105020001306803F9306E0076FF0DFC18327490036
:105030006FF01FDA67800000678000001305000032
:1050400067800000B7A50080138601C3938585BBE8
:10505000138501C46F000041130101FF8325450042
:10506000232481002322910023261100138401F9B7
:105070009304050063848500EF40103483A5840009
:10508000930784066386F50013850400EF40D03251
:1050900083A5C4001304040D638E850003248100DE
:1050A0008320C10013850400832441001301010102
:1050B0006F4090308320C10003248100832441008D
:1050C00013010101678000001305000067800000E4
:1050D000130101FE232C8100B7570080138401F9CE
:1050E00093874704232E1100232A910023282101AE
:1050F000232631012324410123ACF1F4130680005F
:1051000093074000930500001305C4052326F4000F
:105110002320040023220400232404002322040665
:1051200023280400232A0400232C0400EF10C009C4
:10513000B7070100376A0080B769008037690080CF
:10514000B7640080130A0A959389499B1309C9A380
:10515000938444AB93879700130680009305000067
:105160001305440C23204403232234032324240363
:1051700023269402232AF406232E840023240406E3
:1051800023260406232804062326040C232C0406C5
:10519000232E040623200408EF100003B7070200A3
:1051A00013078406938727011305C4121306800092
:1051B00093050000232444092326340923282409C5
:1051C000232A9408232EF40C2322E4082328040C19
:1051D000232A040C232C040C232A04122320040E5B
:1051E0002322040E2324040EEF00107E9307040DE7
:1051F0002328440F232A340F232C240F232E940E0C
:105200008320C1012326F40E03248101832441015C
:10521000032901018329C100032A8100130101022E
:105220006780000083A781F5130101FE2326310169
:10523000232E1100232C8100232A910023282101F1
:10524000930905006386070E138901C39304F0FFD9
:1052500083274900032489009387F7FF63D8070059
:105260006F00000813048406638C97060317C400BC
:105270009387F7FFE31807FEB707FFFF9387170031
:105280002326F40023220406232004002324040000
:105290002322040023280400232A0400232C0400D2
:1052A00013068000930500001305C405EF00D071BC
:1052B00023280402232A04022322040423240404AE
:1052C0008320C101130504000324810183244101CB
:1052D000032901018329C100130101026780000035
:1052E0000324090063060400130904006FF05FF64D
:1052F0009305C01A13850900EFF0CFD813040500F9
:10530000630C05021305C500930740002320040029
:105310002322F4002324A4001306001A930500009E
:10532000EF00906A23208900130904006FF05FF2F8
:10533000EFF01FDA6FF05FF1232009009307C00040
:1053400023A0F9006FF0DFF783274503638407008C
:105350006780000003A781F5B75700809387870512
:10536000232AF502E31607FE6FF09FD66780000040
:1053700067800000B7550080138601C39385C5037D
:10538000130500006F00000EB7550080138601C39F
:105390009385850C130500006F00C00C130101FEFE
:1053A000232C8100232E1100130405006306050041
:1053B00083274503638C0700130504000324810140
:1053C0008320C101130101026F0080372326C10031
:1053D0002324B100EFF05FF71305040003248101DB
:1053E0000326C100832581008320C101130101022E
:1053F0006F000035130101FE232A910083A441F4BC
:10540000232C8100232E11001304050013860500B0
:105410006386040083A744036380070293050400A6
:10542000032481018320C1011385040083244101E9
:10543000130101026F00C030138504002326B10060
:10544000EFF09FF093050400032481010326C100BF
:105450008320C1011385040083244101130101024B
:105460006F00002E130101FD23202103232E3101A3
:10547000232C4101232A5101232861012326710194
:10548000232611022324810223229102130B0500FB
:10549000938B0500930A0600130A0000930910007D
:1054A0001309F0FF83A44A0003A48A009384F4FF45
:1054B00063C804028357C40063FEF9008317E40045
:1054C0009305040013050B0063862701E7800B009A
:1054D000336AAA009384F4FF13048406E39C24FD3A
:1054E00083AA0A00E3900AFC8320C10203248102FC
:1054F00083244102032901028329C101832A410136
:10550000032B0101832BC10013050A00032A81012B
:105510001301010367800000130101FB2320210513
:105520003389C6029307C1012322F10293071000B9
:105530002324810423229104232E3103232EB1003E
:10554000232611042324F1022320210323262103EF
:1055500093090600138406009304050093050700D1
:105560006306050083274503638607068397C50006
:10557000139727016342070203A74506B7E6FFFF1B
:105580009386F6FF37260000B3E7C7003377D700CE
:105590002396F50023A2E5061306410213850400B5
:1055A000EF405025630805008327C1023309F94005
:1055B000335439038320C1041305040003248104F8
:1055C00083244104032901048329C1031301010534
:1055D000678000002326E100EFF01FD78325C1007C
:1055E0006FF0DFF8130101FB23229104B384C5029D
:1055F000232E310383A941F49307C1012322F10231
:10560000930710002324810423202105232611045D
:10561000232EA1002324F1022320910223269102AC
:1056200013890500130406009385060063860900AC
:1056300083A74903638607068397C500139727014D
:105640006342070203A74506B7E6FFFF9386F6FF0E
:1056500037260000B3E7C7003377D7002396F5005D
:1056600023A2E5061306410213850900EF409018B6
:10567000630805008327C102B384F44033D42403B4
:105680008320C104130504000324810483244104FE
:10569000032901048329C103130101056780000068
:1056A000138509002326D100EFF01FCA8325C1000E
:1056B0006FF09FF8130101FC2324C1022326D102BD
:1056C0002328E102232AF102232C0103232E1103B4
:1056D000138605008325850093068102232E110081
:1056E0002326D100EF10803F8320C1011301010464
:1056F0006780000003A341F4130101FC2324C102CD
:105700002326D1022322B1022328E102232AF10217
:10571000232C0103232E11038325830093064102CA
:105720001306050013050300232E11002326D100C4
:10573000EF10C03A8320C10113010104678000000B
:10574000130101FE232C8100232E110013040500F8
:1057500063060500832745036380070683278600C9
:105760009387F7FF2324F60063DC070003278601F5
:1057700063CAE70293F7F50F1307A0006384E702FB
:105780008327060013F5F50F138717002320E60083
:105790002380B7008320C10103248101130101028A
:1057A0006780000013050400032481018320C101E8
:1057B000130101026F0080302326C1002324B100B1
:1057C000EFF09FB80326C100832581006FF01FF919
:1057D000130101FE232A210103A941F4232C910086
:1057E000232E110093040500630609008327490353
:1057F0006388070683A785009387F7FF23A4F50036
:1058000063DC070003A7850163CCE70293F7F40F7D
:105810001307A0006386E70283A7050013F5F40FC2
:105820001387170023A0E500238097008320C10180
:1058300083248101032941011301010267800000D3
:105840008320C10113860500130509009385040018
:105850000329410183248101130101026F00002605
:10586000130509002326B100EFF01FAE8325C10008
:105870006FF05FF8130101FC232C81021304050073
:1058800013850500232A9102232E1102938405001B
:10589000EF00903BB7370180938747D62324F1026E
:1058A000930710002326F102032744039307010204
:1058B00093061500232AF10093072000232091026C
:1058C0002322A102232ED100232CF1008325840062
:1058D000630007068397C5001397270163420702F9
:1058E00003A74506B7E6FFFF9386F6FF37260000BD
:1058F000B3E7C7003377D7002396F50023A2E50668
:105900001306410113050400EF40C06E8320C1035C
:1059100003248103133515003305A0401375B5002A
:10592000832441031305F5FF130101046780000080
:10593000130504002326B100EFF01FA18325C10049
:105940006FF05FF99305050003A541F46FF09FF236
:10595000130101FF23248100138405008395E500D2
:1059600023261100EF00006463400502832704052D
:105970008320C100B387A7002328F40403248100F7
:1059800013010101678000008357C40037F7FFFF50
:105990001307F7FFB3F7E7008320C1002316F400D5
:1059A000032481001301010167800000130500003A
:1059B000678000008397C500130101FE232C81003E
:1059C000232A91002328210123263101232E1100AF
:1059D00013F707101384050093040500130906004C
:1059E000938906006310070437F7FFFF1307F7FFDB
:1059F000B3F7E7008315E4002316F40003248101C4
:105A00008320C10193860900130609008329C10080
:105A100003290101138504008324410113010102BC
:105A20006F0080648395E500930620001306000054
:105A3000EF00C0508317C4006FF01FFB130101FF7C
:105A400023248100138405008395E500232611009B
:105A5000EF00C04E9307F0FF6308F5028357C400C0
:105A6000371700008320C100B3E7E70093970701D1
:105A700093D707412328A4042316F40003248100AC
:105A800013010101678000008357C40037F7FFFF4F
:105A90001307F7FFB3F7E7009397070193D7074181
:105AA0008320C1002316F4000324810013010101A7
:105AB000678000008395E5006F004036130101FE0A
:105AC000232C8100232A910023282101232E110059
:105AD00013090500938405001304060063060500FE
:105AE0008327450363800716832784010317C400B7
:105AF0002324F40093778700638007088327040139
:105B0000638C0706232631019316270193F9F40FBE
:105B100093F4F40F63D80608032704008326440196
:105B2000B307F74063D8D70A83268400130617000B
:105B30002320C4009386F6FF2324D40023003701DA
:105B400003274401938717006302F70C8357C400AF
:105B500093F71700639A070C8329C1008320C101C2
:105B600003248101032901011385040083244101D9
:105B7000130101026780000093050400130509006A
:105B8000EF00000E631E05080317C4002326310131
:105B9000832704019316270193F9F40F93F4F40F6C
:105BA000E3CC06F68326440637E6FFFFB725000060
:105BB0003367B7001306F6FFB3F6C6002316E400FA
:105BC000032704002322D40683264401B307F740A9
:105BD000E3CCD7F49305040013050900EF40C0336C
:105BE000631E050203270400832684009307100028
:105BF000130617009386F6FF2320C4002324D40045
:105C00002300370103274401E312F7F4930504004E
:105C100013050900EF404030E30005F48329C1007B
:105C20009304F0FF6FF09FF39307A000E396F4F264
:105C30009305040013050900EF40002EE30E05F064
:105C40006FF0DFFDEFF04FF06FF01FEA93070500F4
:105C500003A541F413860500938507006FF01FE646
:105C600083A741F4130101FF232481002322910023
:105C700023261100930405001384050063860700A2
:105C800003A74703630C070E8317C40013F78700AD
:105C9000630A0706032704016306070893F6170043
:105CA00063880602832644012324040013050000B0
:105CB000B306D040232CD400630A07028320C1001E
:105CC0000324810083244100130101016780000047
:105CD00093F6270013060000639406000326440190
:105CE0002324C40013050000E31A07FC13F7070878
:105CF000E30607FC93E707042316F4001305F0FFFF
:105D00006FF0DFFB13F707016300070813F7470085
:105D1000631C07020327040193E787002316F4009E
:105D2000E31E07F693F6072813060020E388C6F65D
:105D30009305040013850400EF40C07C8317C40062
:105D4000032704016FF09FF583250403638E05008C
:105D5000130704046388E50013850400EF00D027CF
:105D60008317C400232804020327040193F7B7FD17
:105D7000232204002320E4006FF01FFA138507009C
:105D8000EFF08FDC6FF05FF01307900023A0E400CA
:105D900093E707042316F4001305F0FF6FF01FF2DA
:105DA0009307300063FEC702B3E7A50093F73700FF
:105DB00063940702930630006F0040011306C6FF8C
:105DC000130545009385450063FCC60003270500C5
:105DD00083A70500E304F7FE9306F6FF6F00C000FB
:105DE0009306F6FF6308060293861600B306D500F5
:105DF0006F0080006380A6028347050003C705008B
:105E00001305150093851500E386E7FE3385E7400B
:105E1000678000001305000067800000130101FF88
:105E2000232481002322910013040500138505001B
:105E30002326110023AE01F4EFA09F859307F0FF06
:105E4000630CF5008320C1000324810083244100FA
:105E5000130101016780000083A7C1F5E38407FEF9
:105E60008320C1002320F400032481008324410007
:105E7000130101016780000083A741F4638EA70A24
:105E800083254504130101FE232A9100232E1100CE
:105E900093040500638C0504232821012326310186
:105EA000232C81001309000093090008B387250102
:105EB00003A40700630E04009305040003240400F8
:105EC00013850400EF005011E31804FE83A5440479
:105ED00013094900E31C39FD13850400EF00D00FBE
:105EE00003248101032901018329C10083A58403BF
:105EF0006386050013850400EF00100E83A5C4041B
:105F00006386050013850400EF00100D83A744038A
:105F1000638C07008320C1011385040083244101A1
:105F200013010102678007008320C101832441011E
:105F3000130101026780000067800000130101FF68
:105F40001387050023248100232291009305060076
:105F5000130405001386060013050700232611000D
:105F600023AE01F4EFA0DF809307F0FF630CF50090
:105F70008320C10003248100832441001301010117
:105F80006780000083A7C1F5E38407FE8320C1007A
:105F90002320F40003248100832441001301010124
:105FA00067800000130101FF13870500232481008F
:105FB00023229100930506001304050013860600B2
:105FC000130507002326110023AE01F4EFA04FFEB6
:105FD0009307F0FF630CF5008320C10003248100C8
:105FE00083244100130101016780000083A7C1F5EC
:105FF000E38407FE8320C1002320F40003248100F2
:10600000832441001301010167800000130101FF97
:106010002324810023229100130405001385050029
:106020002326110023AE01F4EFA09F889307F0FF11
:10603000630CF5008320C100032481008324410008
:10604000130101016780000083A7C1F5E38407FE07
:106050008320C1002320F400032481008324410015
:106060001301010167800000130101FF1387050080
:1060700023248100232291009305060013040500C8
:1060800013860600130507002326110023AE01F432
:10609000EFA00FF99307F0FF630CF5008320C10018
:1060A0000324810083244100130101016780000063
:1060B00083A7C1F5E38407FE8320C1002320F400F9
:1060C0000324810083244100130101016780000043
:1060D000130101FF23248100B73701803734018089
:1060E000232021019387074413070444232611002A
:1060F000232291003389E7406382E7021359294044
:1061000013040444930400008327040093841400C0
:1061100013044400E7800700E3E824FF37340180DC
:10612000B737018093870744130704443389E74056
:10613000135929406380E7021304044493040000C8
:10614000832704009384140013044400E7800700AD
:10615000E3E824FF8320C10003248100832441005D
:10616000032901001301010167800000130101FFF1
:1061700023248100B7370180373401809387074497
:10618000130404443304F440232291002326110015
:1061900093542440638004021304C4FF3304F400C6
:1061A000832704009384F4FF1304C4FFE7800700EF
:1061B000E39804FE8320C10003248100832441006E
:1061C00013010101678000001303F00013070500AD
:1061D000637EC3029377F7006390070A6392050812
:1061E000937606FF1376F600B386E6002320B70009
:1061F0002322B7002324B7002326B7001307070183
:10620000E366D7FE6314060067800000B306C34050
:106210009396260097020000B38656006780C6005A
:106220002307B700A306B7002306B700A305B700EE
:106230002305B700A304B7002304B700A303B700E6
:106240002303B700A302B7002302B700A301B700DE
:106250002301B700A300B7002300B7006780000048
:1062600093F5F50F93968500B3E5D5009396050158
:10627000B3E5D5006FF0DFF6939627009702000094
:10628000B386560093820000E78006FA93800200EE
:10629000938707FF3307F7403306F600E378C3F62A
:1062A0006FF0DFF3B3C7A50093F73700B308C5005D
:1062B000639407069307300063F0C70693773500B1
:1062C00013070500639A070613F6C8FFB306E640F6
:1062D0009307000263CED708938605009307070053
:1062E0006378C70203A80600938747009386460099
:1062F00023AE07FFE3E8C7FE9307F6FFB387E74047
:1063000093F7C7FF938747003307F700B385F5007E
:10631000636817016780000013070500637815059F
:1063200083C705001307170093851500A30FF7FE19
:10633000E398E8FE6780000083C605001307170096
:1063400093773700A30FD7FE93851500E38E07F6EA
:1063500083C605001307170093773700A30FD7FEF6
:1063600093851500E39A07FC6FF01FF66780000025
:10637000130101FF232681001304000283A30500FB
:1063800083A2450083AF850003AFC50083AE05013E
:1063900003AE450103A3850103A8C50183A6050239
:1063A00013074702B307E640232E77FC232057FE4E
:1063B0002322F7FF2324E7FF2326D7FF2328C7FF45
:1063C000232A67FE232C07FF232ED7FE9385450241
:1063D000E346F4FA93860500930707006378C70243
:1063E00003A80600938747009386460023AE07FF65
:1063F000E3E8C7FE9307F6FFB387E74093F7C7FFCD
:10640000938747003307F700B385F50063681701EA
:106410000324C100130101016780000083C7050048
:106420001307170093851500A30FF7FEE382E8FE1C
:1064300083C705001307170093851500A30FF7FE08
:10644000E39EE8FC6FF0DFFC93773500130705004F
:10645000639C0704B7867F7F9386F6F79305F0FF6A
:106460000326070013074700B377D600B387D7008A
:10647000B3E7C700B3E7D700E384B7FE8346C7FF9F
:10648000B307A740638406048346D7FF638C0602E4
:106490000345E7FF3335A0003305F5001305E5FF9D
:1064A00067800000E38806FA834707001307170098
:1064B00093763700E39807FE3307A7401305F7FFED
:1064C000678000001385D7FF678000001385C7FF32
:1064D0006780000083A701F6638C070403A74700C9
:1064E0001308F0016340E80813182700630605024B
:1064F000338307012324C30883A8871813061000D9
:106500003316E600B3E8C80023A417192324D310D8
:10651000930620006306D5021307170023A2E700A5
:10652000B387070123A4B7001305000067800000AC
:106530001388810C23A001F79387810C6FF01FFA59
:1065400083A6C7181307170023A2E700B3E6C60007
:1065500023A6D718B387070123A4B70013050000AB
:10656000678000001305F0FF67800000130101FD44
:10657000232C41012320210303A901F62326110224
:106580006308090A232E3101232A510123286101BE
:1065900023267101232481022322910223248101D5
:1065A000130B0500938B05009309F0FF930A10006D
:1065B000832449001384F4FF634E0404939424005D
:1065C000B304990063900B088327490083A6440015
:1065D0009387F7FF638C870A23A204006386060271
:1065E0008327891833978A00032C4900B377F70073
:1065F00063960706E78006000327490083A701F694
:1066000063108709639E27071304F4FF9384C4FF74
:10661000E31A34FB03248102832441028329C1014C
:10662000832A4101032B0101832BC100032C81002C
:106630008320C10203290102032A810113010103FE
:106640006780000083A74410E38077F91304F4FF08
:106650009384C4FFE31834FF6FF0DFFB8327C9186E
:1066600083A544083377F7006316070213050B0070
:10667000E78006000327490083A701F6E30487F9B2
:10668000E38A07F8138907006FF09FF2232289003D
:106690006FF0DFF413850500E78006006FF0DFF58B
:1066A000130101FE23263101B7390180232C81001B
:1066B000232A91002328210123244101232E1100A4
:1066C000138A05001309050093898946EFE09F9618
:1066D00003A78900B71700009387F7FE83244700BC
:1066E0003717000093F4C4FF3384F40033044441AB
:1066F0001354C4001304F4FF1314C400634EE400E5
:106700009305000013050900EFF05F9083A789004F
:10671000B38797006308F50213050900EFE0DF91E6
:106720008320C10103248101832441010329010144
:106730008329C100032A810013050000130101020F
:1067400067800000B305804013050900EFF01F8C3F
:106750009307F0FF6308F504938781F603A707000A
:1067600083A68900B384844093E4140033078740F0
:106770001305090023A2960023A0E700EFE0DF8BBA
:106780008320C101032481018324410103290101E4
:106790008329C100032A810013051000130101029F
:1067A000678000009305000013050900EFF01F86C5
:1067B00003A789009306F000B307E540E3DEF6F493
:1067C00083A6C1F393E717002322F7003305D540D2
:1067D00023A4A1F66FF05FF463820518130101FF93
:1067E00023248100232291001384050093040500D3
:1067F00023261100EFE01F840325C4FF130784FF45
:10680000B73501809377E5FF3306F700938585461A
:106810008326460003A8850093F6C6FF6302C81AC4
:106820002322D600137515003308D6006310050A1D
:10683000032384FF0328480037350180330767406E
:106840008328870013050547B3876700137818006E
:106850006382A8140323C70023A66800232413011E
:106860006306081A93E617002322D7002320F600B8
:106870009306F01F63ECF60693F687FF9386860077
:1068800003A54500B386D50003A6060013D857001C
:1068900093071000B3970701B3E7A700138586FF9E
:1068A0002326A7002324C70023A2F50023A0E60087
:1068B0002326E600032481008320C1001385040001
:1068C00083244100130101016FE00FF70325480005
:1068D000137515006306050893E61700232ED4FEF2
:1068E0002320F6009306F01FE3F8F6F893D69700FE
:1068F000130640006360D61293D667001385960393
:1069000013868603131535003385A50083260500FD
:10691000130585FF6318D5006F00401583A6860018
:106920006308D50003A646001376C6FFE3E8C7FE5A
:1069300003A5C6002326A7002324D7000324810033
:106940002324E5008320C100138504008324410033
:1069500023A6E600130101016FE00FEE678000003F
:1069600037350180B387D700130505478326860096
:10697000638CA60C0328C60013E517003306F70046
:1069800023A606012324D8002322A7002320F600F3
:106990006FF01FEE631C0812832586000326C600D5
:1069A000B386F60093E7160023A6C5002324B6009D
:1069B0002322F7003307D7002320D7006FF09FEF83
:1069C00013751500B386D70063100502032584FFF5
:1069D0003307A7408327C70003268700B386A60096
:1069E0002326F60023A4C70013E6160083A701F4AC
:1069F0002322C70023A4E500E3EEF6EA83A541F5D0
:106A000013850400EFF0DFC96FF0DFEAB387D7002A
:106A10006FF0DFF5130640016370D60213064005E0
:106A20006364D60693D6C7001385F6061386E6067A
:106A3000131535006FF05FED1385C6051386B60597
:106A4000131535006FF05FEC23AAE50023A8E500DD
:106A500093E617002326A7002324A7002322D700AC
:106A60003307F7002320F7006FF0DFE403A84500A9
:106A70001356264093071000B397C700B3E70701EA
:106A800023A2F5006FF01FEB13064015636CD600D0
:106A900093D6F700138586071386760713153500FE
:106AA0006FF09FE613064055636CD60093D627011E
:106AB0001385D6071386C607131535006FF0DFE47C
:106AC0001305803F1306E0076FF01FE493E61700FD
:106AD0002322D7002320F6006FF0DFDD130101ED44
:106AE0002326111223229112232A511123267111D8
:106AF000938A0500930406002324D100930B05001C
:106B0000EF30507E83270500138507002322F10212
:106B1000EFF09F932320A10263880B0083A74B0310
:106B2000639407006F1040738397CA00139727017F
:106B30006346070203A74A0637260000B7E6FFFFB1
:106B4000B3E7C7009386F6FF9397070193D70741F2
:106B50003377D7002396FA0023A2EA0613F78700BB
:106B60006302072E03A70A01630E072C93F7A70100
:106B70001307A000638AE72EB7370180232861112D
:106B800023248111130B010B9387C7DA373C018053
:106B900023248112232C4111232EB10F23202113F2
:106BA000232E3111232291112320A111232E6107BD
:106BB0002322010823200108232A0100232C01009D
:106BC000232E010013040B002324010223280102B9
:106BD000232201002326F100130A0001130C0CF2FA
:106BE00023207101938D040083C70D00638C071E61
:106BF00093840D00130750026386E72A83C71400AD
:106C000093841400E39A07FE3389B441638CB41D66
:106C100003274108832701082320B40133072701F4
:106C200093871700232224012322E1082320F1085F
:106C30001307700013048400634EF72603274100F6
:106C400083C70400330727012322E100638C071860
:106C500093841400A30F01049309F0FF930B000029
:106C6000130900009306800503CD0400938D1400E2
:106C700093070DFE63E6F6040327C10093972700F0
:106C8000B387E70083A7070067800700930B000026
:106C900093070DFD1306900003CD0D0013972B00F5
:106CA000B30B7701939B1B00B38B770193070DFD0B
:106CB000938D1D00E372F6FE93070DFEE3FEF6FAD8
:106CC00063020D122304A109A30F0104130710008E
:106CD00093041000930C8108130F0900930900001E
:106CE00023280100930F000093724F0803294108E5
:106CF00063960200B387EB40E342F0448347F1051B
:106D0000638A0702832701089306F1052320D40034
:106D10001309190093061000938717002322D4004B
:106D2000232221092320F108930670001304840014
:106D300063C0F61A638A0F028327010893060106CF
:106D40002320D400130929009306200093871700FD
:106D50002322D400232221092320F1089306700066
:106D600013048400E3CEF64E93070008E38AF2088A
:106D7000B3899940E34E301993770F1063940774E9
:106D80008327010833099900232094019387170072
:106D900023229400232221092320F1089306700066
:106DA00063CCF62013048400137F4F0063060F00AA
:106DB000B384EB40E342904E13830B0063D4EB00AB
:106DC0001303070083274100B38767002322F100E4
:106DD000E31A092283C70D002320010813040B00C6
:106DE000E39807E083274108832B010063840700B1
:106DF0006F10407583D7CA00032481120329011242
:106E000093F707048329C111032A8111032B011170
:106E1000032C8110832C4110032D0110832DC10FF1
:106E2000638407006F10901D8320C1120325410069
:106E300083244112832A4111832BC11013010113B2
:106E40006780000093850A0013850B00EFE05FE187
:106E5000630405006F10901A8397CA001307A000FF
:106E600093F7A701E39AE7D08397EA00E3C607D038
:106E7000832681008320C1121386040093850A00B3
:106E800083244112832A411113850B00832BC110E7
:106E9000130101136F1010381369090193840D0059
:106EA0006FF09FDC3389B441E394B4D783C7040007
:106EB0006FF0DFD9032501001306C10793850A008F
:106EC000EF105054E31805F213040B006FF01FD7B6
:106ED000032501001306C10793850A00232EE10252
:106EE000232CE103232A51022326F103EF109051B2
:106EF000E31205F0032941080327C103032F81038F
:106F000083224103832FC10213040B006FF09FE221
:106F100083270108B7360180938686DA2320D400C0
:106F20001309190093061000938717002322D40039
:106F3000232221092320F108930670001304840002
:106F400063D4F6006F108010630406006F10804554
:106F50008326410193771F00B3E7D700E38607E458
:106F600083274102832601022320F400832701089E
:106F7000B38526012322D400938717002322B1086A
:106F80002320F1089306700063D4F6006F1080642C
:106F90001304840083264101938717002320940162
:106FA0003389B6002322D400232221092320F108AB
:106FB00093067000E3D8F6DE032501001306C1072F
:106FC00093850A002326E1022328E101EF10904374
:106FD000E31205E203294108032F01010327C1023F
:106FE00013040B006FF05FDC93778900E39C07606C
:106FF000832781009387770093F787FF03A7070014
:1070000093878700232CE10003A7C7FF2324F10007
:10701000232EE100832CC10103A781EE8326810189
:1070200083A7C1EE93941C0093D41400138506002B
:10703000938504001306070093860700EF90D0178E
:10704000630405006F1000048326810103A781EE0D
:1070500083A7C1EE1385060093850400130607007D
:1070600093860700EF80D0066344A0006F10800174
:107070000327810193850C00130600001305070008
:1070800093060000EF80D004635405006F10404366
:107090008346F1059307700463D4A7016F10804104
:1070A000B73C0180938C8CD623280100137FF9F71D
:1070B0001307300093043000930900006384060036
:1070C00013071700937F2F00E3800FC213072700D9
:1070D000930F20006FF05FC1832681009377090131
:1070E00003A70600938646002324D100639207126B
:1070F0009376090493070700E390064E634E07104A
:107100008346F10563C40904137FF9F7631E070280
:1071100013071000639E0920E314073C93741900C1
:10712000930C0B006382040493070003A307F10A86
:10713000930CF10A1387040063CC34032328010065
:10714000E39006F86FF01FF813090F001307900083
:10715000E364F76C93870703A307F10A130F090091
:1071600093041000930CF10A13870400E3D834FD54
:1071700013870900232801006FF09FFC83278100FB
:1071800083AB0700938747002324F100E3D80BD09B
:10719000B30B70411369490093840D006FF0DFACAD
:1071A00003CD0D009307A002938D1D006314FD0015
:1071B0006F10807D93070DFD93059000130700006D
:1071C0001306900093090000E3E4F5AA03CD0D0037
:1071D00093192700B389E900939919003387F900BF
:1071E00093070DFD938D1D00E372F6FE93090700D2
:1071F000E35007A89309F0FF6FF09FA78327810052
:107200001369090103A70700938747002324F100AE
:1072100093070700E35607EEB307E0409306D0025A
:10722000130710006F00000A1369090893840D000A
:107230006FF09FA31369090493840D006FF0DFA220
:1072400003278100A30F0104930410008327070084
:10725000130747002324E1002304F108130710005B
:10726000930C81086FF05FA79307B002A30FF1049E
:1072700093840D006FF05F9F1369190093840D00D4
:107280006FF09F9E8347F105E39A07C093070002C2
:10729000A30FF10493840D006FF01F9D1369890003
:1072A00093840D006FF05F9C03278100136909012F
:1072B00083270700130747002324E100130710006A
:1072C00093060000A30FD10463C80900137FF9F7E8
:1072D000E38207E413090F0013061000E308C7E672
:1072E000130620006306C706930C0B0013F7770004
:1072F00013070703A38FECFE93D7370013860C0008
:10730000938CFCFFE39407FE9377190063840706D0
:10731000930700036300F7061306E6FFA38FFCFE46
:10732000B304CB40130F0900930C06006FF0DFE3AA
:10733000930710006314F7006F10C03F93072000FD
:1073400013090F006304F7006F100021930700007A
:1073500003268102930C0B0013F7F7003307E600B6
:107360000347070093D74700938CFCFF2380EC0072
:10737000E39407FEB3049B41130F09006FF0DFDEB7
:1073800003278100136909018327070013074700BA
:107390002324E100130700006FF09FF28326810091
:1073A0001377090183A70600938646002324D100A2
:1073B000E31607F013770904E30207F09397070138
:1073C00093D70701130710006FF09FEF8327810009
:1073D000A30F010483AC070013884700E3800C323D
:1073E0002324010163D409006F10400713860900AC
:1073F0009305000013850C00EF30805103288100B5
:10740000631405006F10803AB30495418346F1057B
:1074100013C7F4FF1357F741232401012328010068
:1074200033F7E400130F090093090000E39A06C83C
:107430006FF05FC983268100378700001307078339
:107440002310E106138746002324E100373701802B
:107450001307C7D82324E10283A706001369290074
:1074600013072000130D80076FF09FE5832681002E
:107470001377090183A70600938646002324D100D1
:10748000E31A07F013770904E30607F0939707015F
:1074900093D70701130700006FF09FE2937709016C
:1074A000E3840714832781000327410083A7070093
:1074B00023A0E70083278100938747002324F1005E
:1074C0006FF08FF29307500663DAA73583268101A8
:1074D0008327C1011306000013850600938507006A
:1074E00093060000232AE1022326E103EF80802592
:1074F000032FC10203274103631605668327010892
:10750000B7360180938686DA2320D4001309190048
:1075100093061000938717002322D4002322210909
:107520002320F1089306700013048400E3C0F64C96
:107530008327410683264101E3D8D70883274102E8
:107540008326010213048400232CF4FE8327010800
:107550003309D900232ED4FE938717002322210953
:107560002320F10893067000E3CCF60E8327410137
:107570009384F7FFE35A9082930600018327010862
:1075800063C496006F10003DB7360180938606F203
:107590002326E102032D01001307040093090001D3
:1075A00013840400930C70002328E10193840600E7
:1075B0006F00C000130404FFE3D6894A13090901D0
:1075C00093871700232097002322370123222109C4
:1075D0002320F10813078700E3DEFCFC1306C10734
:1075E00093850A0013050D00EF10C061E3140580B8
:1075F000032941088327010813070B006FF09FFB45
:10760000B387EB406356F0F69306000103260108AA
:1076100063C4F6006F10C01DB7360180938606F272
:10762000232A91029305090093080001130907001A
:10763000930F7000130704002326E103138407004F
:10764000938406006F00C000130404FF63DA88040B
:1076500093850501130616002320970023221701A6
:107660002322B1082320C10813078700E3DECFFCE3
:10767000032501001306C10793850A00EF10805807
:10768000631A05F693080001130404FF83254108DB
:107690000326010813070B00930F7000E3CA88FA52
:1076A00093860400032FC10283244103930704003F
:1076B0001304070013070900138905003309F900B3
:1076C000130616002322F4002320D40023222109CC
:1076D0002320C108930770001304840063DAC7E80D
:1076E000032501001306C10793850A00232AE1023E
:1076F0002326E103EF100051631E05EE0329410824
:1077000003274103032FC10213040B006FF04FE660
:10771000B736018083270108938606F2635A3A0937
:107720009306090093087000130907002326E1035C
:10773000130704001384090093090C006F00C000B4
:10774000130404FF63588A04938606019387170085
:1077500023208701232247012322D1082320F10877
:1077600013078700E3DEF8FC032501001306C107B9
:1077700093850A00EF100049631E05E6130404FF19
:10778000832641088327010813070B009308700024
:10779000E34C8AFA032FC1021386090093090400FF
:1077A0001304070013070900138906009306060057
:1077B00033093901938717002320D4002322340191
:1077C000232221092320F10893067000130484006A
:1077D00063D4F6DA032501001306C10793850A0076
:1077E000232AE1022326E103EF10C041631405E0E0
:1077F0000329410803274103032FC10213040B008F
:107800006FF08FD7032501001306C10793850A0087
:10781000EF10403F630005DC6FF0CFDD83240108EB
:1078200083264101930710002320940113091900B6
:10783000938414009309840063DAD74A93071000F5
:107840002322F400232221092320910893077000AA
:1078500063CC97748327010283264102938414002A
:107860003309F90023A2F90023A0D900232221091A
:1078700023209108930770009389890063C297764B
:107880008327C10183268101130600009385070029
:107890008327410113850600930600002326E10299
:1078A0002328E1011384F7FFEF70D069032F010152
:1078B0000327C10263040548938C1C0093841400C1
:1078C0003309890023A0990123A2890023222109D9
:1078D000232091089307700093898900E3C29714CD
:1078E000832601039307C10693841400338926017C
:1078F00023A0F90023A2D9002322210923209108E3
:10790000930770001384890063D097CA0325010090
:107910001306C10793850A002326E1022328E1010B
:10792000EF10402E631805CC032941080327C1023C
:10793000032F010113040B006FF00FC79306000122
:1079400003260108E3D6F668B7360180938606F170
:10795000232E9102930509009308000113090700E3
:1079600093037000130704002326F103232A510216
:10797000232CE10313840700938406006F00C000EA
:10798000130404FF63DA88049385050113061600C7
:1079900023209700232217012322B1082320C108A6
:1079A00013078700E3DEC3FC032501001306C107AC
:1079B00093850A00EF100025631E05C2930800019D
:1079C000130404FF832541080326010813070B0055
:1079D00093037000E3CA88FA93860400832FC102E0
:1079E00083224103032F81038324C10393070400EF
:1079F0001304070013070900138905003309F90070
:107A0000130616002322F4002320D4002322210988
:107A10002320C108930770001304840063D0C7AE0D
:107A2000032501001306C10793850A00232EE102F6
:107A3000232CE103232A51022326F103EF10801C9B
:107A4000631A05BA032941080327C103032F8103E1
:107A500083224103832FC10213040B006FF00FAA8E
:107A6000032501001306C10793850A00232CE102B8
:107A7000232AE10323265102EF10C018631C05B628
:107A80000329410803278103032F41038322C102F5
:107A900013040B006FF04FAD93060001832701081C
:107AA000E3D29654B7360180938606F1138D040015
:107AB00093090001930C70002328E10093840600D1
:107AC0006F00C000130D0DFF63D6A905130909014E
:107AD00093871700232094002322340123222109B5
:107AE0002320F10813048400E3DEFCFC03250100DD
:107AF0001306C10793850A00EF10C010631C05AE82
:107B0000130D0DFF032941088327010813040B00FF
:107B1000E3CEA9FB032701019386040093040D0023
:107B200033099900938717002320D400232294005F
:107B3000232221092320F1089306700063DEF6A6B4
:107B4000032501001306C10793850A002328E100DD
:107B5000EF10400B631005AA032941080327010118
:107B60006FF08FA5032641066354C0BA83274101F5
:107B7000832601019389070063C8F62C63563003FE
:107B800083270108330939012320940193871700C3
:107B900023223401232221092320F10893067000B7
:107BA00013048400E3CEF61A93C7F9FF93D7F74185
:107BB000B3F9F90083270101B389374163403037B6
:107BC000832641068327410163D6F6288327410295
:107BD0000326010213048400232CF4FE83270108EA
:107BE0003309C900232EC4FE9387170023222109DD
:107BF0002320F10813067000E342F6308327410189
:107C000003260101B386D740B389C74063D4360148
:107C100093890600635A3003832701010326010874
:107C200033093901B38CFC0013061600232094019C
:107C300023223401232221092320C1089307700045
:107C400013048400E3C0C73213C6F9FF1356F6418C
:107C5000B3F7C900B384F6406358909493060001CB
:107C600083270108E3D8964EB7360180938606F243
:107C70002326E102032D01001307040093090001EC
:107C800013840400930C70002328E1019384060000
:107C90006F00C000130404FF63D6895C1309090157
:107CA00093871700232097002322370123222109DD
:107CB0002320F10813078700E3DEFCFC1306C1074D
:107CC00093850A0013050D00EF00D073631405922D
:107CD000032941088327010813070B006FF09FFB5E
:107CE00093040000930C0B006FF00FC893761F00F5
:107CF000E39606B42322F4002322210923209108CD
:107D000093077000E3DE97BC032501001306C1074B
:107D100093850A002326E1022328E101EF00906EFB
:107D2000631A058C03294108832401080327C10233
:107D3000032F010193090B006FF09FBA83264101C5
:107D400093071000E3DED7B893071001E3DED73EB8
:107D5000B7360180938606F293870900930C0001E1
:107D600093090700130D7000130709002328E10190
:107D7000138906006F00C000130404FF63DA8C70DF
:107D8000130707019384140023A0270123A297015E
:107D90002322E1082320910893878700E35E9DFC5E
:107DA000032501001306C10793850A00EF009065C3
:107DB000630405006FF00F84032741088324010842
:107DC00093070B006FF05FFB93771F00639407002E
:107DD0006FE09FFD6FF08FF61317070113570741F0
:107DE000930707006FF00FC3937F0904638C0FEABA
:107DF000832781000327410083A707002390E70022
:107E00006FF04FEB03278100130501048327070060
:107E10009304470003A707002320E10403A74700BA
:107E20002322E10403A787002324E10483A7C700DA
:107E30002326F104EF80905D232CA100232EB100B6
:107E4000232491006FF00F9D93890600E34A30D3FD
:107E50006FF09FD593771F00E38207DA6FF01FD78B
:107E6000032501001306C10793850A002326E102BA
:107E70002328E101EF001059630405006FE09FF72C
:107E8000032941080327C102032F010113040B003A
:107E90006FF0CFEDB7370180938787D72324F102A6
:107EA000832681001377090183A706009386460085
:107EB0002324D100631A070013770904630607001F
:107EC0009397070193D707019376190013072000B2
:107ED000638806BE638607BE930600032300D106AF
:107EE000A300A107136929006FF08FBDB737018088
:107EF0009387C7D82324F1026FF09FFA930760009D
:107F00009384090063E83769B73C01801387040054
:107F100023240101938C0CDA6FE01FDC930600012F
:107F200083270108E3DC3625B73601809305070077
:107F3000938606F213070400130609001384090050
:107F4000130D0001930470002326E103138906003A
:107F5000938905006F00C000130404FF635A8D5617
:107F60001306060193871700232027012322A70168
:107F70002322C1082320F10813078700E3DEF4FC65
:107F8000032501001306C10793850A00EF009047FF
:107F9000630405006FE01FE60326410883270108FC
:107FA00013070B006FF05FFB032501001306C107E9
:107FB00093850A002326E1022328E101EF00904483
:107FC000630405006FE01FE30329410883240108CF
:107FD0000327C102032F010193090B006FF09F8754
:107FE000032501001306C10793850A002326E10239
:107FF0002328E101EF001041630405006FE09FDFDB
:1080000003294108832401080327C102032F01012A
:1080100093090B006FF0DF86930C0B001306A00092
:108020001305900033F7C702938CFCFF938507007C
:10803000130707032380EC00B3D7C702E364B5FE40
:10804000B3049B41130F09006FF00F920325010049
:108050001306C10793850A002326E1022328E101C4
:10806000EF00503A630405006FE0DFD803264106B5
:10807000032941080327C102032F010113040B0048
:108080006FE09FEC032881018327C10113060800DC
:10809000130508009386070093850700EF80D01131
:1080A000E31205021377FDFD9307F0FF2326E1029B
:1080B000136F09106388F96E930770046302F76801
:1080C0008327C101930200009384070063C0074E19
:1080D0009307600613870900930630006310FD4E76
:1080E0000326810113088106930741061305060044
:1080F000930505000325010093084107138604003A
:10810000232A5102232AE1012328E100EF20907164
:108110000327010193076006032F410183224103D6
:10812000930C05003308E500631CFD0083C60C00BA
:10813000930700036380F656832741063308F8004F
:10814000832781019385040013060000138507002F
:1081500093060000232A5102232A01012328E1016A
:10816000EF70405E032F0101032841018322410388
:10817000630605428327410763FE07019306000358
:1081800013871700232AE1062380D700832741079E
:10819000E3E807FF032741062328E100B38797415F
:1081A000232AF1008327C102130770046384E714B4
:1081B000930760066312FD180327010193771900E6
:1081C000B3E737016356E07E639C077283240101A5
:1081D000130D600613870400638802509307D002D2
:1081E000A30FF104930900006FE09FED0325010048
:1081F0001306C10793850A002326E1022328E10123
:10820000EF005020630405006FE0DFBE0329410842
:108210000327C102032F010113040B006FF04FB1BC
:10822000032501001306C10793850A002326E102F6
:108230002328E101EF00101D630405006FE09FBBE0
:108240000329410883240108032F01010327C102E8
:1082500093090B006FF0CFE813850B00EFD0CF8EA2
:108260006FE09F8C93860400032F010193040400A8
:10827000130407000327C1023309990093871700ED
:108280002320D4006FE0DFB063CC07688324C101F2
:108290009302000093091000032781019307410610
:1082A0009308410713050700930505000325010006
:1082B0001308810613870900930620001386040023
:1082C000232A51002328E101EF20D055937719008C
:1082D000032F010183224101930C05006390075095
:1082E000832741062328F10083274107B387A7404E
:1082F000232AF100032701019307D0FF634CF70203
:1083000063CAE9028327410103270101634CF75047
:10831000937F19008327010163960F5C13C7F7FF52
:108320001357F74133F7E70093840700130D7006E6
:108330006FF09FEA130DEDFF032701012306A1074C
:108340009307B0029308F7FF2322110763CC08328A
:10835000A306F1069307900063C0172D93870803C7
:1083600013070003A307F106930740002307E10664
:108370002328F102032741018326010393071000FC
:10838000B304D70063D2E748832701022328010002
:10839000B384F40013C7F4FF1357F74133F7E40035
:1083A0006FF09FE3832741028326010213048400B8
:1083B000232CF4FE83270108B3852601232ED4FE47
:1083C000938717002322B1082320F1089306700039
:1083D00063C2F620634406006FE0DFBB930600FF34
:1083E000B304C0406356D660B7360180938606F268
:1083F0002328E1009309000113070400130970000A
:10840000130D0F00138406006F00C000938404FF57
:1084100063D499449385050193871700232087002F
:10842000232237012322B1082320F10813078700F4
:10843000E35EF9FC032501001306C10793850A00DA
:10844000EF00407C630405006FE0DF9A832541085C
:108450008327010813070B006FF05FFB13850C00E7
:10846000EFD09FFE8346F1051347F5FF1357F74101
:1084700023280100930405003377E500130F09005A
:1084800093090000638406006FE09FC36FE09FC301
:10849000032F010193060900130907001387090040
:1084A00093890700330989009384140023A0D9001D
:1084B0006FF08FC1B73C0180938CCCD66FE0DFBEEC
:1084C0009307D002A30FF1049306D0026FE09FBC84
:1084D000032FC10293850900930609009309040044
:1084E0001309060013040700138705003309390137
:1084F000938717002320D40023223401232221094B
:108500002320F108930670001304840063DAF6EA6E
:10851000032501001306C10793850A00232AE102FF
:108520002326E103EF00006E630405006FE09F8CDB
:108530000329410803274103032FC10213040B0041
:108540006FF00FE81306C10793850A0013850B002F
:10855000EF00406B6FE01F8A930700006FE0DFD8E9
:10856000032501001306C10793850A00232AE102AF
:108570002326E103EF000069630405006FE09F8795
:108580000329410803274103032FC10213040B00F1
:108590006FF08FE1930460006FF01F97832741060F
:1085A0002328F100930708006FF05FBFB704008035
:1085B000B3C4F4009302D0026FF09FB10327C1024D
:1085C00093075004E31AF7CC138719009306200091
:1085D0006FF01FB1032501001306C10793850A0040
:1085E0002326E1022328E101EF00C06163040500B6
:1085F0006FE05F8003264106832541088327010839
:108600000327C102032F010113040B00634406007A
:108610006FE05F986FF09FDC1305B10793060500CC
:108620001306A0001308300633E7C802938706003C
:10863000938508009386F6FF13070703A38FE7FED1
:10864000B3C8C802E342B8FE938808031387E7FF64
:10865000A38F16FF6378A7389306E1060346070049
:108660001307170093861600A38FC6FEE318A7FE14
:108670001307010FB307F7409387F7F82328F10298
:108680006FF05FCF93071000B388E7409307D002E5
:108690006FF01FCC83268101938504001306000030
:1086A0001385060093060000232C5102232A0103A0
:1086B000232AE1002328E101EF70C008032F010104
:1086C0000327410103284103832281036314052604
:1086D000832741063308F8002328F100B3079841A7
:1086E000232AF1006FF05FAD8346F1059309000086
:1086F000638406006FE0DF9C6FE0DF9C03250100D0
:108700001306C10793850A00232AE1022326E10309
:10871000EF00404F630405006FE0CFED8326410674
:108720000329410803274103032FC10213040B004F
:108730006FF0CFCC13090F00930700006FE09FA1EB
:108740008327C101E38209B49384070093020000E8
:10875000E3D407B4B7040080B3C4F4009302D0029A
:108760006FF09FB3032501001306C10793850A002C
:108770002326E1022328E101EF00C048630405003D
:108780006FE04FE783264106832741010329410813
:108790000327C102032F010113040B00B386D74046
:1087A0006FF08FCA930960006FF09F918346F105C7
:1087B000232801001387090093840900130F09007F
:1087C00093090000638406006FE09F8F6FE09F8F26
:1087D000B7360180938606F16FF04FA2330835015A
:1087E0006FF01F96B7360180938606F16FF04FB396
:1087F000B7360180938606F26FE05FEC9307F0FFD7
:108800002322F1006FE04FE2937719002328F10053
:10881000E39C07B613C7F4FF1357F74133F7E4009F
:108820006FF09F9B8327410103270102B384E70078
:10883000832701016348F000832701013388F44056
:108840009304180013C7F4FF1357F74133F7E400FC
:10885000130D70066FF05F98930604001304070071
:1088600003270101130F0D00B385950093871700AF
:108870002320D400232294002322B1082320F108CE
:108880009306700063C4F6006FE08FF003250100CB
:108890001306C10793850A002326E1022328E1017C
:1088A000EF004036630405006FE0CFD48325410814
:1088B000832701080327C102032F010113040B00C2
:1088C0006FE04FED8327C10163C2070A8346F105BC
:1088D0009307700463C6A709B73C0180938C0CD73B
:1088E0006FE08FFC03270102130D7006B384E700CD
:1088F00013C7F4FF1357F74133F7E4006FF0DF8D30
:10890000832701023388E900130D6006B304F800E1
:1089100013C7F4FF1357F74133F7E4006FF0DF8B11
:10892000B7040080B3C4F4009302D002930910008E
:108930006FF09F9693071000B387E7402322F1065C
:108940003308F8006FF0CFFFB7360180938606F248
:108950006FF05FB5B7360180938606F26FF0DF9156
:10896000B73C0180938C4CD76FE00FF49307D00293
:10897000A30FF1049306D0026FF09FF5B736018084
:10898000938606F26FF09FB68327810083A90700C4
:108990009387470063C809002324F10093840D00E6
:1089A0006FE08FAC9309F0FF2324F1006FF01FFFFD
:1089B000639A070013071000130D6006930410005C
:1089C0006FF09F8183270102130D60061388170043
:1089D000B304380113C7F4FF1357F74133F7E4002A
:1089E0006FF08FFF930720002328F1026FF09F980C
:1089F000B7360180938606F26FF01FE793070500F4
:108A000003A541F49306060013860500938507002D
:108A10006FE0CF8C130101B88397C50003D7E50041
:108A2000232C814613840500B70501009385D5FFEB
:108A3000032E44060323C4018328440213170701AD
:108A4000B3F7B700B3E7E70013080040232AF100AB
:108A50009305810093070107232A91462328214784
:108A6000232E1146130905002326C1072322610284
:108A7000232611032324F100232CF10023280101D4
:108A8000232E010123200102EFE04F85930405000E
:108A9000635C05028357410193F70704638807006D
:108AA0008357C40093E707042316F4008320C147CB
:108AB0000324814703290147138504008324414788
:108AC0001301014867800000930581001305090028
:108AD000EF108044E30005FC9304F0FF6FF09FFB70
:108AE00083A74506130101FD2328610123261102F6
:108AF00013972701130B06006358070E8327860080
:108B000023202103232E3101232A51012326710121
:108B100013890500832B060093090500930AF0FFD3
:108B20006388070A2324810223229102232C410116
:108B30002324810103AC4B0003A40B00135A2C0027
:108B400063060A06930400006F00C000130444008B
:108B5000630C9A0483250400130609001385090099
:108B6000EF10905093841400E31255FF0324810208
:108B700083244102032901028329C101032A8101BF
:108B8000832A4101832BC100032C81001305F0FFD0
:108B90008320C10223240B0023220B00032B01019D
:108BA000130101036780000083278B00137CCCFF37
:108BB000B38787412324FB00938B8B00E39C07F64C
:108BC0000324810283244102032A8101032C8100B2
:108BD000032901028329C101832A4101832BC1009A
:108BE000130500006FF0DFFAEF10C0408320C102D0
:108BF00023240B0023220B00032B0101130101038B
:108C00006780000003278600630407006FF05FEDB4
:108C1000232206001305000067800000130101F203
:108C20002326310D232C810B2326B10B232E110C6F
:108C30002320A10093890500930D0600138C0600E4
:108C40006306050083274503E38E07588397C90011
:108C5000139727016346070203A74906372600003A
:108C6000B7E6FFFFB3E7C7009386F6FF93970701C8
:108C700093D707413377D7002396F90023A2E9065B
:108C800013F787006308071203A70901630407129B
:108C900093F7A7011307A000638EE712B73701808F
:108CA0002328210D232E710B13090106938707F347
:108CB000B73B0180232C810C232A910C2324410DE6
:108CC0002322510D2320610D232A910B2328A10B70
:108CD00023262103232A0102232801021307090066
:108CE00023260100232201002328F10013040001A0
:108CF000938B4B0A83C70D006386071093840D0086
:108D0000930650026386D72E83C714009384140001
:108D1000E39A07FE338AB4416386B40F8326410386
:108D2000832701032320B701B306DA0093871700D6
:108D300023224701232AD1022328F10213067000BF
:108D4000130787006350F602E382062E0325010015
:108D50001306C10293850900EFF09FD86318050A36
:108D6000130709008326410083C70400B386460128
:108D70002322D1006388070893871400A30301020C
:108D80009306F0FF93040000930C00001305800588
:108D900003C60700938D1700930706FE6368F50E60
:108DA0008325010193972700B387B70083A70700A6
:108DB000678007000325010093850900EFC05FEA83
:108DC000E31E054C8397C9001307A00093F7A70182
:108DD000E396E7EC8397E900E3C207EC0325010083
:108DE0008320C10D93060C0013860D00032C810B0C
:108DF000832DC10A938509008329C10C1301010E3B
:108E00006F00D04E83274103E39C074283D7C900FC
:108E10000324810D8324410D93F707040329010DD9
:108E2000032A810C832A410C032B010C832BC10BD9
:108E3000832C410B032D010BE39207468320C10DC8
:108E4000032541008329C10C032C810B832DC10A0A
:108E50001301010E6780000093040000930706FDD4
:108E60001308900003C60D0093952400B385950068
:108E700093951500B384B700930706FD938D1D00ED
:108E8000E372F8FE930706FEE37CF5F0E30C06F6CA
:108E9000230CC102A3030102130A1000130B1000DC
:108EA000930A810393060000130F000003260103B9
:108EB00093FF4C088327410393051600138E05008A
:108EC00063960F00338D4441E340A0038345710254
:108ED000638A050213067102938717002320C700D7
:108EE000130610002322C700232AF1022328C103FE
:108EF000130670006342C67913060E00130787003D
:108F0000130E1E0063000F061306810293872700CD
:108F10002320C700130620002322C700232AF102C2
:108F20002328C103130670006358C67BE38607102D
:108F3000032501001306C10293850900232AD100ED
:108F40002324F101EFF0DFB9E31205EC032601035E
:108F50008327410383264101832F810013070900E2
:108F6000130E1600930500086382BF54338D6641CB
:108F70006348A063B307FB00232057012322670146
:108F8000232AF1022328C1039306700063D4C6513B
:108F900063880706032501001306C10293850900B3
:108FA000EFF01FB4E31405E683274103130709001C
:108FB00013F34C0063060300338B4441634E60059A
:108FC00063D4440193040A00032741003307970048
:108FD0002322E100639E076623280102130709008C
:108FE0006FF05FD193EC0C0193870D006FF05FDAA7
:108FF000338AB441E394B4D383C704006FF09FD79E
:109000002328010213F34C006300037C338B44419B
:10901000635C607B130709009306000103260103CC
:10902000E3D86625373E0180130E4E09130D00016B
:10903000930A70006F0080019305260013078700D4
:1090400013860600130B0BFF635C6D059387070106
:10905000930616002320C7012322A701232AF10229
:109060002328D102E3DADAFC638A074203250100F0
:109070001306C102938509002324C101EFF05FA606
:10908000E31605D803260103130B0BFF83274103C7
:10909000032E81001307090093051600E3486DFBBA
:1090A000B38767012320C70123226701232AF10226
:1090B0002328B10213077000E354B7F063860770EA
:1090C000032501001306C10293850900EFF05FA19B
:1090D000E31E05D2832741036FF09FEE93F70C0147
:1090E00003260C00130C4C00639A071093F50C0434
:1090F00093070600E39205006340060403457102EE
:1091000063C8060493FCFCF763140604E39A06168E
:10911000130A0000130B0000930A09006304050002
:10912000130A1A0013FF2C00E3020FD8130A2A00B7
:10913000130F20006FF09FD79307D002A303F10213
:10914000B307C04063C4060093FCFCF71305D002CC
:10915000130690006364F6749387070393F7F70F81
:10916000A30FF104138A06006344D000130A100011
:10917000130B1000930AF105E31405FA6FF09FFA40
:1091800083240C00130C4C00E3D004E6B30490409D
:1091900093EC4C0093870D006FF09FBF03C60D004A
:1091A0009307A00293881D00E300F610930706FDC5
:1091B000930690009305000013089000E3E4F60A7C
:1091C00003C6080093962500B386B6009396160052
:1091D000B385D700930706FD93881800E372F8FE65
:1091E0009386050063C00574938D08006FF0DFBAA5
:1091F00003260C0093EC0C01130C4C0093070600A3
:109200006FF09FEF93EC0C0893870D006FF05FB841
:109210009307B002A303F10293870D006FF05FB7CD
:1092200093EC1C0093870D006FF09FB6834771028B
:10923000E39C07DA93070002A303F10293870D0072
:109240006FF01FB583270C00A3030102130C4C0021
:10925000230CF102130A1000130B1000930A810370
:109260006FF05FC483270C0013EB0C01130C4C0050
:10927000A303010213061000930C0B00130500005A
:10928000E3C806EC937CFBF763920756639206747F
:10929000631E065E137B1B0063020B6493070003CF
:1092A000A30FF104130A0B00930AF1056FF09FE777
:1092B00083270C0013EB0C01130C4C00A3030102D9
:1092C00013060000930C0B00E3DE06FA930A090074
:1092D00013F6770013060603A38FCAFE93D7370051
:1092E00093850A00938AFAFFE39407FE93F71C0024
:1092F000638A0716930700036306F6169385E5FF56
:10930000A38FFAFE330BB940138A060063C6666169
:10931000938A05006FF01FE113F60C0183270C0000
:10932000130C4C00631A060013F60C0463060600C7
:109330009397070193D70701138B0C006FF01FF869
:1093400093F70C016390070213F30C04630C030002
:1093500083270C0083264100130C4C002390D70078
:109360006FF05F9983270C0083264100130C4C009B
:1093700023A0D7006FF01F9893EC0C0493870D0087
:109380006FF01FA113F60C0183270C00130C4C0087
:10939000631A060013F60C04630606009397070190
:1093A00093D70701138B0C006FF09FEC832A0C00FE
:1093B000A3030102130C4C00638A0A6263CA0656B7
:1093C000138606009305000013850A00232AE10096
:1093D0002324D100EF10C0538326810003274101CD
:1093E000138B060063040500330B5541834771025C
:1093F000134AFBFF135AFA41337A4B0193060000DC
:10940000130F0000E39E07D06FF05FAA37860000BD
:10941000130606832314C102373601801306C6D80B
:1094200083270C0093EC2C00130C4C002326C10066
:10943000A3030102138B0C0013062000E3D406E4FF
:10944000930A09008325C10013F6F700938AFAFFF7
:109450003386C5000346060093D747002380CA0021
:10946000E39207FE330B5941138A0600E3DC66CB17
:10947000130A0B006FF01FCB130710002328E10223
:1094800093070B002320510723226107232A61033E
:1094900013070900130787006FF09FB193051000B1
:1094A00013060000130709006FF0DFB9338D444144
:1094B000E35EA0AB9305000163D8A55DB7350180DD
:1094C0009385450A2324B100130E0001130F700089
:1094D0006F0080011305260013078700138605001F
:1094E000130D0DFF6352AE0703258100938707011B
:1094F000930516002320A7002322C701232AF10287
:109500002328B102E358BFFC63800716032501003E
:109510001306C10293850900232AD100EFF04FDC26
:10952000E316058E03260103130E0001130D0DFF34
:109530008327410383264101130709001305160001
:10954000130F7000E342AEFB03268100B387A7012F
:109550002322A7012320C700232AF1022328A102E6
:10956000130670006352A6386388074A032501007A
:109570001306C102938509002324D100EFF04FD6D2
:10958000E316058883268100032601038327410310
:10959000338D664113070900130E1600E35CA09D8E
:1095A0006354A44723247101930E70006F0080015F
:1095B000130E26001307870013860500130D0DFFF9
:1095C000635AA405938707019305160023207701AA
:1095D00023228700232AF1022328B102E3DABEFC0A
:1095E00063800706032501001306C1029385090065
:1095F000EFF00FCFE31C058003260103130D0DFFD1
:109600008327410313070900130E1600930E700001
:10961000E34AA4FB83268100B387A7012322A70185
:109620002320D700232AF1022328C10393067000C8
:1096300063C8C61D13078700130E1E006FF09F93AB
:10964000130E100013060000130709006FF01FF738
:10965000032501001306C10293850900EFF04FC8EE
:10966000E30C05966FF08FFA130510001306000047
:10967000130709006FF0DFE663820704032501008A
:109680001306C10293850900232CD100232AF1017E
:109690002324E101EFF0CFC4631A05F6032601038A
:1096A0008327410383268101832F4101032F8100FA
:1096B00013070900130E16006FF0DF8463060F24F2
:1096C000930781022320F106930720002322F1064D
:1096D000130E10001307090013060E00130787006E
:1096E000130E1E006FF01F88130500016354A53789
:1096F000373E0180130E4E09930E00019302700055
:109700006F00C001130526001307870013860500AC
:10971000130D0DFF63DCAE07930516009387070159
:109720002320C7012322D701232AF1022328B102D3
:10973000E3DAB2FC63820708032501001306C102C5
:1097400093850900232EC101232CD100232AF10186
:109750002324E101EFF0CFB8631A05EA03260103E1
:10976000930E0001130D0DFF83274103032EC1014A
:1097700083268101832F4101032F810013070900F4
:109780001305160093027000E3C8AEF9B387A70172
:109790002320C7012322A701232AF1022328A102A3
:1097A000130670006342A60A13078700130E150004
:1097B000130605006FF08FF113060000130510006B
:1097C000130709006FF0DFF463D4440193040A0027
:1097D00083274100B38797002322F1006FF0CFFF6A
:1097E00013F3FCF7936C230013062000930510007D
:1097F000630EB62C93052000E31AB6AC6FF05FC47D
:10980000E38C07C6032501001306C10293850900F6
:10981000EFF00FAD631C05DE032E01038327410328
:1098200013070900130E1E006FF0CFF42328010266
:10983000130709006FF00FD3130E1000130600007A
:10984000130709006FF00FF263820716032501006A
:109850001306C10293850900232CD100232AF101AC
:109860002324E101EFF0CFA7631205DA03260103F9
:109870008327410383268101832F4101032F810028
:1098800013070900130E16006FF04FE4130A0000CF
:10989000130B0000930A09006FF0DF88930A090098
:1098A0009305A000930E900033F6B702938AFAFF57
:1098B000138E0700130606032380CA00B3D7B7022E
:1098C000E3E4CEFF330B5941138A0600E3D86685E3
:1098D000130A0B00E31605846FF0DF84130A0000FF
:1098E000930A09006FF01F8413078700130E1500F9
:1098F000130605006FF08FE7131606011356064195
:10990000930706006FF04FFF13060000130E1000C0
:10991000130709006FF00FE5130A0B00938A050087
:109920006FF05F809306F0FF938D08006FF0CFC655
:1099300013850A002324E100EFC01FB10327810033
:10994000130B05006FF09FAAB7370180938787D765
:109950002326F10093F50C0183270C00130C4C0017
:10996000639A050093F50C0463860500939707013D
:1099700093D7070193F51C00E38C05AAE38A07AA95
:10998000930500032304B102A304C102A30301024F
:10999000E3D806E493EC2C006FF09FAAB737018060
:1099A0009387C7D82326F1006FF0DFFA03477102CF
:1099B00063000708930771022320F1069307100044
:1099C0002322F106130E1000130709006FF0CFD207
:1099D00093051000E310B6E213050000930700039F
:1099E0006FF00FF8EFB05F966FF04FA6930760002F
:1099F000138B060063EAD70237380180130A0B0085
:109A0000930A08DA6FF00FCAB73601809386460AC8
:109A10002324D1006FF01FC0130E100013060000A6
:109A2000130709006FF08FD4130B60006FF0DFFC99
:109A300013060000130E1000130709006FF08FCCFF
:109A4000032501001306C10293850900EFF04F8939
:109A50006FF0CFBB373E018013850500130E4E0912
:109A60006FF0DFD2938D0800930600006FF0CFB245
:109A7000373E018093051600130E4E096FF04FE23A
:109A8000930700036FF0CFED373601801306460AC7
:109A900013050E002324C1006FF01FAB9307F0FFE6
:109AA0002322F1006FF08FB983260C00130C4C00B9
:109AB00063C80600938D080093870D006FF04FADCB
:109AC0009306F0FF938D08006FF01FFF1305000051
:109AD0006FF00FE89307050003A541F49306060015
:109AE00013860500938507006FF04F93130101B8AB
:109AF0008397C50003D7E500232C81461384050016
:109B0000B70501009385D5FF032E44060323C40146
:109B10008328440213170701B3F7B700B3E7E70040
:109B200013080040232AF1009305810093070107E1
:109B3000232A914623282147232E11461309050085
:109B40002326C10723226102232611032324F100C7
:109B5000232CF10023280101232E010123200102DF
:109B6000EFF0CF8B93040500635C0502835741013E
:109B700093F70704638807008357C40093E707043B
:109B80002316F4008320C14703248147032901479A
:109B900013850400832441471301014867800000B6
:109BA0009305810013050900EF000037E30005FC71
:109BB0009304F0FF6FF09FFB130101FF23261100B8
:109BC00023202101638805022324810023229100A0
:109BD00013840500930405006306050083274503ED
:109BE000638C070C8317C40063920702032481006F
:109BF000832441008320C1001309000013050900DC
:109C0000032901001301010167800000930504008E
:109C100013850400EF00800B8327C402130905009D
:109C2000638A07008325C40113850400E7800700C9
:109C3000634405068357C40093F707086396070635
:109C400083250403638C0500930704046386F500F1
:109C500013850400EFC05FB8232804028325440461
:109C60006388050013850400EFC01FB72322040496
:109C7000EFB0CFEF23160400EFB08FEF8320C100C9
:109C800003248100832441001305090003290100F6
:109C900013010101678000008357C4001309F0FF1E
:109CA00093F70708E38E07F8832504011385040062
:109CB000EFC09FB26FF0DFF8EFB00FE96FF09FF2E7
:109CC0009305050003A541F46FF01FEF0397C5004E
:109CD000130101FE232C810023263101232E1100C4
:109CE000937787001384050093090500639007129A
:109CF000B71700009387078083A64500B367F70076
:109D00002396F5006352D018032884026304080EDA
:109D1000232A91009316370183A4090023A0090088
:109D20008325C40163CE06161306000093061000B7
:109D300013850900E70008009307F0FF13060500EC
:109D40006304F51A8317C400032884028325C40121
:109D500093F74700638E070003274400832704031B
:109D60003306E640638607008327C4033306F640C4
:109D70009306000013850900E70008009307F0FF31
:109D80006314F51283A609009307D0010317C400DA
:109D900063EAD716B707402093871700B3D7D700D9
:109DA00093F717006380071603260401B7F7FFFF38
:109DB0009387F77FB377F7002316F400232204007C
:109DC0002320C4009317370163D407006382061071
:109DD0008325040323A099006384051093070404DA
:109DE0006386F50013850900EFC01F9F832441019E
:109DF00023280402130500008320C10103248101EC
:109E00008329C1001301010267800000232821017A
:109E100003A9050163020908232A910083A4050010
:109E20001377370023A02501B38424419307000052
:109E30006314070083A745012324F40063489000BE
:109E40006F0040053309A90063569004832744023C
:109E50008325C401938604001306090013850900B5
:109E6000E7800700B384A440E34EA0FC0317C400BE
:109E70000329010113670704832441012316E40029
:109E80001305F0FF6FF05FF783A6C503E34ED0E63E
:109E90006FF05FF683244101032901016FF09FF504
:109EA000032604056FF0DFEA0317C40083260401CC
:109EB000B7F7FFFF9387F77FB377F7002316F40018
:109EC000232204002320D40093173701E3D207F0A4
:109ED000832504032328A40423A09900E39005F01C
:109EE000832441016FF01FF183A70900E38C07E48D
:109EF0001307D001638CE700130760016388E70054
:109F00000317C400136707046FF01FF723A099001D
:109F1000832441016FF01FEE130101FE232C810009
:109F2000232E110013040500630605008327450353
:109F3000638A07028397C500639C07008320C101E1
:109F40000324810113050000130101026780000052
:109F500013050400032481018320C10113010102C0
:109F60006FF0DFD62326B100EFB00FBE8325C1000E
:109F70006FF05FFC630005069305050003A541F43F
:109F80006306050083274503638C07008397C5009C
:109F90006396070013050000678000006FF01FD371
:109FA000130101FE2326B1002324A100232E11005A
:109FB000EFB08FB98325C100032581008397C500C9
:109FC000639407028320C1011305000013010102FD
:109FD00067800000B7A50080138601C3938585F1D3
:109FE000138501C46FB00FC88320C10113010102A2
:109FF0006FF0DFCD832786006384072C8396C5002E
:10A00000130101FD23248102232C41012328610136
:10A010002326110293F78600130B0600130A05008E
:10A0200013840500638E070883A70501638A070868
:10A030002322910223202103232E3101232A5101BF
:10A0400093F7260083240B006384070A83274402C6
:10A050008325C401B70A008093090000130900009A
:10A06000938A0AC01386090013050A0063020904D3
:10A070009306090063F42A0193860A00E78007002B
:10A080006350A04683278B00B389A9003309A940F8
:10A09000B387A7402324FB006386071A8327440263
:10A0A0008325C4011386090013050A00E31209FC85
:10A0B00083A9040003A94400938484006FF09FFAED
:10A0C0009305040013050A00EFB09FB9631C051C3B
:10A0D0008316C4002322910223202103232E310161
:10A0E000232A510193F7260083240B00E39007F6FF
:10A0F000232671012324810193F716006396071C20
:10A100008327040003278400B70A008023229101DB
:10A11000930B000093090000938AFAFF1385070050
:10A12000130C07006382091013F606206308062843
:10A13000930C070063E6E93213F70648630A070841
:10A140000326440183250401131716003307C700B3
:10A150003389B740135CF701330CEC009307190007
:10A16000135C1C40B387370113060C006376FC00B8
:10A17000138C07001386070093F60640638E0630A3
:10A180009305060013050A00EFA0CFEF930C05001E
:10A19000630C05348325040113060900EFC08F907A
:10A1A0008357C40093F7F7B793E707082316F40023
:10A1B00033852C01B3072C4123289401232A8401E1
:10A1C0002320A400138C09002324F400938C09009D
:10A1D00013860C0093850B00EF00D01D032784002D
:10A1E000832704001389090033078741B387970148
:10A1F0002324E4002320F4009309000083278B002C
:10A20000B38B2B01B38727412324FB00638607020E
:10A2100083270400032784008316C40013850700E6
:10A22000130C0700E39209F083AB040083A94400F8
:10A23000938484006FF09FEE832BC100032C810078
:10A24000832C41008320C102032481028324410224
:10A25000032901028329C101832A4101032A8101C3
:10A26000032B0101130500001301010367800000A7
:10A270009305040013050A00EFF01FCA630E050AD8
:10A280008317C400832BC100032C81008324410267
:10A29000032901028329C101832A410193E70704AD
:10A2A0002316F4008320C10203248102032A8101C2
:10A2B000032B01011305F0FF130101036780000068
:10A2C0001305000067800000930A000013050000DA
:10A2D000130C00009309000063820908630A050853
:10A2E00093870A00938B090063F43701938B07006F
:10A2F00003250400832704010329840083264401E5
:10A3000063F6A7003309D9006344790963C0DB16FB
:10A31000832744028325C40113060C0013050A0099
:10A32000E780070013090500E35CA0F4B38A2A4123
:10A3300013051000E38E0AF283278B00330C2C01E7
:10A34000B3892941B38727412324FB00E39607F80B
:10A35000832BC100032C81006FF0DFEE83A9440042
:10A360009387040093848400E38A09FE03AC07000A
:10A37000138609009305A00013050C00EF00405957
:10A38000630A051413051500B30A85416FF05FF5E4
:10A3900093050C0013060900EF00D0018327040089
:10A3A0009305040013050A00B38727012320F40056
:10A3B000EFF09FB6E30C05F66FF09FEC83260401E7
:10A3C00063E2F6040326440163EEC90293870900A1
:10A3D00063F43A0193870A00B3E6C70203274402F5
:10A3E0008325C40113860B0013050A00B386D740EA
:10A3F000E700070013090500635AA004B389294147
:10A400006FF0DFDF1309070063F4E9001389090027
:10A41000138507001306090093850B00EF00807970
:10A42000032784008327040033072741B3872701CC
:10A430002324E4002320F400E31207FC9305040026
:10A4400013050A00EFF05FADE30A05FA8317C400B5
:10A45000832BC100032C8100832C41006FF01FE38C
:10A46000138C0900938C09006FF09FD613860B00A4
:10A4700093050C00EF000074032784008327040079
:10A4800013890B0033077741B38777012324E40056
:10A490002320F4006FF09FE913050A00EF3000411C
:10A4A000930C0500E31605D08325040113050A006B
:10A4B000EFC08FB28317C4001307C000832BC10005
:10A4C000032C8100832C41002320EA0093F7F7F747
:10A4D0006FF0DFDB93871900938A07006FF09FE02E
:10A4E0008317C4006FF09FDA1307C0008317C400FE
:10A4F000832BC100032C8100832C41002320EA0020
:10A500006FF0DFD88397C500130101F8232C810673
:10A51000232E110613F72700138405006304070296
:10A520009387350423A0F50023A8F50093071000B6
:10A5300023AAF5008320C107032481071301010822
:10A54000678000008395E500232A910623282107D0
:10A5500023263107232441079304050063C6050819
:10A5600013068100EF000059634E05068327C100E2
:10A5700037F90000B71900003379F900B7E7FFFF9A
:10A580003309F90013391900130A0040938909802F
:10A5900093050A0013850400EFA0CFAE8317C40013
:10A5A0006308050693E707082320A4002328A400D6
:10A5B0002316F400232A44016310090AB3E7370184
:10A5C0008320C1072316F400032481078324410755
:10A5D000032901078329C106032A81061301010803
:10A5E000678000008317C40093F707081309000071
:10A5F000638E0704130A000493050A001385040000
:10A60000EFA04FA88317C40093090000E31C05F8CE
:10A6100013F70720631E070493F7C7FF93E727008C
:10A62000130734042316F400930710008324410712
:10A63000032901078329C106032A81062320E40098
:10A640002328E400232AF4006FF0DFEE130A004011
:10A65000930900006FF0DFF38315E4001385040015
:10A66000EF00804F631005028317C4006FF01FF5E1
:10A6700083244107032901078329C106032A810690
:10A680006FF05FEB8357C40093F7C7FF93E71700A2
:10A690009397070193D707416FF05FF2130101F918
:10A6A00023248106138405008395E5002322910667
:10A6B0002320210723261106930406001389060090
:10A6C00063CA050413068100EF00C0426344050419
:10A6D0000327C100B7F700008320C106B3F7E700E6
:10A6E00037E7FFFFB387E7000324810693B717001E
:10A6F0002320F9001307004023A0E40037150000D1
:10A70000832441060329010613050580130101076F
:10A71000678000008357C40093F707086388070227
:10A720008320C10603248106930700002320F9003B
:10A730001307000423A0E400032901068324410633
:10A740001305000013010107678000008320C10684
:10A75000032481062320F9001307004023A0E4000E
:10A760000329010683244106130500001301010794
:10A7700067800000130101FE232C8100232A910031
:10A7800023282101232E11001309050093840500BD
:10A7900013040600EF00002C93071000631CF50063
:10A7A0009387F4FF1307E00F6366F7002306910019
:10A7B0006F0040029306C405138604009305C10090
:10A7C00013050900EF3000699307F0FF6304F508F3
:10A7D000630C0502832784008345C1009387F7FF3C
:10A7E0002324F40063DA07000327840163CCE70223
:10A7F0009307A0006388F5028327040013871700DE
:10A800002320E4002380B7008320C10103248101B9
:10A81000032901011385040083244101130101026E
:10A82000678000001306040013050900EFB00FA9AC
:10A830009307F0FFE31AF5FC1305F0FF8320C10135
:10A840000324810183244101032901011301010231
:10A85000678000008357C4001305F0FF93E70704E7
:10A860002316F4006FF09FFD8317C600139727018E
:10A870006340070203274606B7260000B3E7D70068
:10A88000B72600003367D7002316F6002322E6061A
:10A890006FF05FEE130101FE232C810003A441F44D
:10A8A000232E11001386050093050500630604009E
:10A8B00083274403638007048317C6001397270187
:10A8C0006340070203274606B7260000B3E7D70018
:10A8D000B72600003367D7002316F6002322E606CA
:10A8E00013050400032481018320C1011301010227
:10A8F0006FF05FE82324A100130504002326C100A4
:10A90000EFA09FA40326C100832581006FF0DFFA2A
:10A910009377350093F6F50F638A07029307F6FFE6
:10A92000630E06021306F0FF6F0080011305150089
:10A9300013773500630E07009387F7FF6380C70224
:10A9400003470500E314D7FE678000009307060065
:10A95000130730006368F7006390070613050000D3
:10A960006780000093F5F50F13978500B305B700D6
:10A9700013970501B708FFFE37888080B385E5008F
:10A980009388F8EF13080808130330006F000001E4
:10A990009387C7FF13054500E370F3FC0327050009
:10A9A00033C7E500330617011347F7FF3377E60097
:10A9B00033770701E30E07FCB307F5006F00C00013
:10A9C00013051500E38CA7F803470500E31AD7FE2B
:10A9D00067800000130101FF23261100232291004C
:10A9E000630E0602B73501809385850B13050600BB
:10A9F0002324810013040600EF00802CB73401806B
:10AA000063120502032481001385440B8320C100D7
:10AA1000832441001301010167800000B7340180E5
:10AA20006FF09FFE9385440B13050400EF0040294F
:10AA3000E30A05FCB715018093854533130504002F
:10AA4000EF000028E30005FC03248100130500004B
:10AA50006FF0DFFB03C581E867800000130101FF91
:10AA60002326110023229100638E050223248100F6
:10AA700013840500B73501809385850B1305040009
:10AA8000EF000024B7340180631205020324810023
:10AA90001385440B8320C10083244100130101016D
:10AAA00067800000B73401806FF09FFE9385440BF0
:10AAB00013050400EF00C020E30A05FCB715018070
:10AAC0009385453313050400EF00801FE30005FC68
:10AAD00003248100130500006FF0DFFB1305050F51
:10AAE00067800000138501E567800000138501E59C
:10AAF00067800000130101FF1387050023248100F4
:10AB00002322910013040500930506001305070096
:10AB10002326110023AE01F4EF509FBC9307F0FFF2
:10AB2000630CF5008320C1000324810083244100CD
:10AB3000130101016780000083A7C1F5E38407FECC
:10AB40008320C1002320F4000324810083244100DA
:10AB50001301010167800000130101FF232481001C
:10AB600023229100130405001385050023261100FC
:10AB700023AE01F4EF50DFBC9307F0FF630CF50048
:10AB80008320C100032481008324410013010101BB
:10AB90006780000083A7C1F5E38407FE8320C1001E
:10ABA0002320F400032481008324410013010101C8
:10ABB0006780000063F6A5023387C5006372E50273
:10ABC000B307C500630606048346F7FF9387F7FFC4
:10ABD0001307F7FF2380D700E318F5FE6780000016
:10ABE0009307F00063E8C702930705009306F6FF9A
:10ABF0006302060C93861600B386D70003C70500D0
:10AC00009387170093851500A38FE7FEE398D7FE7F
:10AC100067800000B367B50093F7370063960708B5
:10AC2000930806FF93F808FF93880801B3061501FF
:10AC30001387050093070500032807001307070182
:10AC40009387070123A807FF032847FF23AA07FFCD
:10AC5000032887FF23AC07FF0328C7FF23AE07FFA6
:10AC6000E39CD7FC1378C600B38515011377F60073
:10AC7000630408041308C7FF1378C8FF13084800CB
:10AC8000B3870601138705008328070093864600D3
:10AC90001307470023AE16FFE398F6FE137636003F
:10ACA000B38505016FF09FF49306F6FF9307050047
:10ACB0006FF05FF467800000130607006FF01FF36A
:10ACC0003367B5009303F0FF137737006310071065
:10ACD000B7877F7F9387F7F70326050083A60500D4
:10ACE000B372F6003363F600B382F200B3E262009F
:10ACF000639272106316D6080326450083A64500AA
:10AD0000B372F6003363F600B382F200B3E262007E
:10AD1000639E720C6316D6060326850083A6850003
:10AD2000B372F6003363F600B382F200B3E262005E
:10AD30006398720C6316D6040326C50083A6C5006B
:10AD4000B372F6003363F600B382F200B3E262003E
:10AD50006392720C6316D6020326050183A60501D1
:10AD6000B372F6003363F600B382F200B3E262001E
:10AD7000639C720A1305450193854501E30ED6F4E1
:10AD80001317060193970601631EF7001357060178
:10AD900093D706013305F7409375F50F63900502CD
:10ADA000678000001357070193D707013305F74069
:10ADB0009375F50F63940500678000001377F70F14
:10ADC00093F7F70F3305F74067800000034605004F
:10ADD00083C6050013051500938515006314D6007E
:10ADE000E31606FE3305D6406780000013054500D4
:10ADF00093854500E31CD6FC130500006780000026
:10AE00001305850093858500E312D6FC1305000029
:10AE1000678000001305C5009385C500E318D6FAC6
:10AE200013050000678000001305050193850501E7
:10AE3000E31ED6F81305000067800000130101FE31
:10AE4000232A91008327050183A40501232E1100E5
:10AE500063C0971C9384F4FF13932400232C810078
:10AE6000138445012326310123244101B3096400E1
:10AE7000130A450183A7090033036A00032703006F
:10AE80002328210123225101938717003359F70208
:10AE9000930A0500636AF70A370501009308040066
:10AEA00013080A00930E0000930600001305F5FF37
:10AEB00003A70800032E0800130848003376A700F4
:10AEC00013570701B377AE00135E0E019388480055
:10AED00033062603330727033306D601B37EA600C5
:10AEE000B387D74113560601B387D70093D60741DE
:10AEF000B3F7A7003307C7003376A700B386C64071
:10AF0000B386C60113960601B3E7C700232EF8FEE9
:10AF1000935E070193D60641E3FC19F983270300EA
:10AF2000639407021303C3FF63686A006F00800124
:10AF30009384F4FF63786A00832703001303C3FF3D
:10AF4000E38807FE23A89A0013850A00EF20401C1F
:10AF5000634C05083705010093050A00130700003C
:10AF60001305F5FF83A6050003260400938545001D
:10AF7000B3F7A6003378A600B3870741B387E7008D
:10AF800013D707411356060193D606013307C7406E
:10AF90003307D70093160701B3F7A700B3E7D7002D
:10AFA0001304440023AEF5FE13570741E3FC89FA6E
:10AFB00093972400B307FA0003A70700631407025E
:10AFC0009387C7FF6368FA006F0080019384F4FFE2
:10AFD0006378FA0003A707009387C7FFE30807FE1B
:10AFE00023A89A0013091900032481018320C101B9
:10AFF0008329C100032A8100832A4100832441015F
:10B0000013050900032901011301010267800000F3
:10B010008320C101832441011305000013010102B3
:10B020006780000003238503130101F4232C810AA8
:10B03000232A910A2328210B2322510B2326B1090D
:10B04000232E110A2326310B232EE100232AF1009F
:10B05000232811012326B1022324C1001304050073
:10B06000938D050093040600938A060013090800D7
:10B07000630203020327C50393071000930503002F
:10B08000B397E7002322E3002324F300EF10006CC2
:10B09000232C0402938904009306000063DC04005F
:10B0A0009394140093D714002324F100938907008C
:10B0B000930610003707F07F2320D900B3F6E9008C
:10B0C0006388E6608324810013850D001306000069
:10B0D00093850400930600002320B10323229102EC
:10B0E000EF404066631A05040327410193071000EF
:10B0F0002320F7000327010163080700B737018009
:10B10000938797DA2320F700B7390180938989DA8A
:10B110008320C10B0324810B8324410B0329010BE2
:10B12000832A410A832DC108138509008329C10A96
:10B130001301010C678000001386040013078107C8
:10B140009306C10793850D00130504002324410BCA
:10B150002320610B232E7109232C8109232A9109B5
:10B160002328A10913D94901EF20403E930405008B
:10B170006312095A832B81070329C1079307000231
:10B1800033892B0113072943E3D0E73293070004E7
:10B19000B387E74013052941B397F90033D5AD00D4
:10B1A00033E5A700EF50501AB70710FE93061000C2
:10B1B00013070500B387B7001309F9FF2324D1044F
:10B1C00003A601EF83A641EF13050700938507004F
:10B1D000EF40106E03A681EF83A6C1EFEF40C07F62
:10B1E00003A601F083A641F0EF308050130A05005A
:10B1F0001305090093890500EF50900903A681F01B
:10B2000083A6C1F0EF40407D13060500938605003C
:10B2100013050A0093850900EF30804D130B0500DC
:10B2200093890500EF50807E130A0500938509007D
:10B2300013050B001306000093060000EF40406961
:10B240006350050213050A00EF50900413060B002B
:10B2500093860900EF40004F3335A000330AAA401F
:10B2600033892B4193076001130BF9FFE3E8471D76
:10B270003737018093173A0013078716B387E70023
:10B2800003A6070083A64700032501028325410288
:10B29000EF400064E35A051E130AFAFF232E010251
:10B2A000232C0100634C0B4863540A4A8327810115
:10B2B00023244103B3874741232CF100B3074041C6
:10B2C000232CF10293079000130A000063EC574906
:10B2D00093075000E3D0571F938ACAFF93073000AB
:10B2E00013090000E388FA62E3D0575F9307400038
:10B2F000E390FA52930710002328F1020326C101BC
:10B30000E352C0602326C104130C060093067001AB
:10B31000130710009307400063C4C6006F10802F0E
:10B3200093971700938647019305070013071700AB
:10B33000E378D6FE232EB40213050400EF10C035C7
:10B3400093090500631405006F10002B232CA40241
:10B350009307E00063E6874F6304094E832681026A
:10B36000E35AD05E93F7F60037370180130787164C
:10B370009397370093DC4640B387E70093F60C01C0
:10B3800003A8070003A74700E3880652B7370180E8
:10B3900003A6872783A6C727032501028325410229
:10B3A0002328E10423200105EF3010410328010484
:10B3B0000327010593FCFC0013030500138D050012
:10B3C00013093000638C0C04B73B018023208104F7
:10B3D000938B8B25130409009305070013090300C1
:10B3E00093F71C00638E070003A60B0083A64B0097
:10B3F0001305080013041400EF40005E1308050055
:10B4000093DC1C40938B8B00E39C0CFC1303090022
:10B4100013090400032401041387050093060700A1
:10B42000130608001305030093050D00EF30D03814
:10B4300013070500938705008326C103638806026E
:10B4400003A601F183A641F11305070093850700C8
:10B450002328E1042320F104EF40804783270104DF
:10B4600003270105635405006F100001130509004F
:10B470002320F1062320E104EF508061032701041B
:10B480008327010613060700938607002328E1049B
:10B490002320F104EF40405403A601F283A641F2B9
:10B4A000EF300025B706C0FC832701040327010500
:10B4B000930C0500B38BB600630E0C328326810219
:10B4C000232081072324D106130507009385070055
:10B4D0002328E1042320F104EF5040538327010681
:10B4E00037360180130905009386F7FF93963600DF
:10B4F00093078616B386D70003A846002326F106D5
:10B5000083A70600232E010523229107232CF10493
:10B51000EF50005803270105832701041306050097
:10B52000938605001305070093850700EF40503808
:10B5300003270103138D1900130309032320A10519
:10B54000930C05001373F30FE304075A03A501F3EB
:10B55000032681058326C1052320B10483A541F379
:10B5600023286104EF3050250326410693860B0003
:10B57000EF401034832801040323010513860C00D7
:10B58000938608002380690013090500938B05004A
:10B59000EF400024832801046354A0006F0050781A
:10B5A00083A701F103A841F1232C41052328F104CD
:10B5B000232A010503A8C1F183A781F12322610792
:10B5C000232681072320F10493070000032C0106A2
:10B5D00023220105138B070023205107138A08003B
:10B5E0006F000009130B1B0063448B016F00507840
:10B5F00003260104832641041305090093850B00EB
:10B60000EF40803D03260104832641041309050011
:10B61000938B050013850C0093050A00EF40C03B97
:10B62000938C0500930A0500EF50403E130A050075
:10B63000EF500046130605009386050013850A00A7
:10B6400093850C00EF40D02693070A0313060900E8
:10B6500093860B002300FD00130D1D00930C0500C5
:10B66000138A0500EF40C026635405006F00506B3D
:10B67000032501058325410513860C0093060A0066
:10B68000EF4010231306090093860B00EF4040247F
:10B69000E35A05F483278106930B0D00138C1700E2
:10B6A000130690036F008000E386796583C6FBFF75
:10B6B000138D0B00938BFBFFE388C6FE9386160069
:10B6C00093F6F60F2380DB00930D0C006F00004D06
:10B6D00083264101372700009397C9001307F770AD
:10B6E00093D7C70023A0E600B3E7B7016380070A3A
:10B6F00083270101B73901809389C90CE38A07A028
:10B70000B73701809387F70C032701012320F70047
:10B710006FF01FA083274102B706F03F832B8107FC
:10B720009397C70093D7C70003270102B3E7D70059
:10B73000130919C0232401046FF09FA89307100078
:10B74000B3872741232CF100130B0000E3400AB616
:10B7500023244103232C010293079000330B4B0158
:10B76000E3F857B79307100013091000930A00007D
:10B770002328F102130CF0FF232E0100232E0402D4
:10B7800023268105930500006FF01FBB832701016D
:10B79000B73901809389090CE38C0796B73701808C
:10B7A0009387870C6FF05FF6130509002320F106DD
:10B7B0002320E104EF50C02D032701048327010655
:10B7C00013060700938607002328E1042320F104D1
:10B7D000EF40802003A601F283A641F2EF205071D2
:10B7E0008327010403270105B706C0FC930C05005D
:10B7F000B38BB60003A681F283A6C1F2130507003E
:10B8000093850700EF40D00A13860C0093860B0047
:10B81000130D050013890500EF30907BE342A04E25
:10B82000B7070080B3C7770113860C0013050D001E
:10B830009386070093050900EF40800963480506D9
:10B840008327C10763CE0718832681021307E00010
:10B850006348D7188327810237370180130787167B
:10B8600093973700B387E70003AA070083AA47002E
:10B870008327C10163D807046346800563180C025F
:10B8800003A681F283A6C1F213050A0093850A007C
:10B89000EF4080141306050093860500032501027E
:10B8A00083254102EF40C002E34CA044138D090000
:10B8B00023200102130900008327C10193CDF7FF64
:10B8C0006F004069938719002320F104032B0102C4
:10B8D0000329410213060A0093860A0013050B0090
:10B8E00093050900EF30406DEF504012130D050035
:10B8F000EF50001A13060A0093860A00EF40C00DAD
:10B90000130605009386050013050B009305090037
:10B91000EF40007A93070D032380F900130610000F
:10B92000832B01041307050093860500E30CCC0C60
:10B9300083A781F103A8C1F1930D10002324F10026
:10B94000232601016F00000613060A0093860A00F1
:10B9500013050B0093050900EF300066EF50000B54
:10B96000130D0500EF50C01213060A0093860A005B
:10B97000EF40800693860500130605009305090035
:10B9800013050B00EF40C072938B1B0093070D0350
:10B99000938D1D00A38FFBFE130705009386050002
:10B9A000E302BC0703268100938506008326C100BD
:10B9B00013050700EF404002130600009306000045
:10B9C000130B050013890500EF30D057E31E05F671
:10B9D00083278102138D0B00938D17006F00001CCD
:10B9E0000327010363160726832B8103832C810120
:10B9F000232801021309000063820C0263506003D4
:10BA000093870C0063449B6703278101B38CFC4040
:10BA1000330BFB403307F740232CE10083278103DE
:10BA2000638207028327010363840700E39C0B06FC
:10BA3000032681039385040013050400EF10403FA3
:10BA4000930405009305100013050400EF10001087
:10BA50002320A102631C0A509307100063DC575592
:10BA6000B387670193F7F7016380071E130700028E
:10BA70003307F7409306400063D4E6581307C0012C
:10BA8000B307F74003278101B38CFC00330BFB00A5
:10BA90003307F700232CE100832781016340F01472
:10BAA000635C60018325010213060B00130504008B
:10BAB000EF10004D2320A1028327C103639C0712CE
:10BAC00063548045832701036390072683278102FF
:10BAD000938D1700832A0102130A10006F000002E1
:10BAE00093850400930600001306A00013050400CC
:10BAF000EF00104893040500130A1A0093850A000A
:10BB000013850400EFF08FB3930B0503B38749014E
:10BB1000A38F77FFE3468AFD130A10006344805524
:10BB2000338A4901930A000093850400130610002C
:10BB300013050400EF10C04483250102930405009F
:10BB4000EF10005D635EA04E930690036F008000CF
:10BB5000638A495F8347FAFF130D0A00130AFAFF4D
:10BB6000E388D7FE938717002300FA00832501029C
:10BB700013050400EF00903D63020902638A0A0086
:10BB800063882A0193850A0013050400EF00103C26
:10BB90009305090013050400EF00503B9385040052
:10BBA00013050400EF00903A8327410123000D00A4
:10BBB00023A0B701832701016384070023A0A70105
:10BBC000032A810A032B010A832BC109032C810953
:10BBD000832C4109032D01096FF08FD39385040055
:10BBE0001386070013050400EF1080399304050045
:10BBF0006FF01FEB8325010213850400EF10405105
:10BC0000E35005EC8327810293850400930600002E
:10BC10001306A00013050400138BF7FFEF00503547
:10BC20008327010393040500639E070C032CC104C2
:10BC3000E35A8015832D81026FF0DFE9930710002E
:10BC4000232EF1026FF0CFE59307C0016FF09FE361
:10BC5000130710006354574D83278103930BFCFF98
:10BC600063CA7741B38B774183278101B38C8741C6
:10BC7000E3500C0E9305100013050400EF00106D47
:10BC8000130905006FF05FD7232E0102232C01005A
:10BC9000E34020AD93071000B3872741232CF10028
:10BCA000130B00006FF0DFAAB387E7403395FD0068
:10BCB0006FF04FCF9307300013091000638CFA44E4
:10BCC00063C657E393072000E38CFA14232E040283
:10BCD0009305000013050400EF00101C93090500F4
:10BCE000E30C0510930710002328F1029307F0FFDF
:10BCF000232CA4022326F104130CF0FF232E0100B1
:10BD00006FF01FB493050900930600001306A0000E
:10BD100013050400EF00D025032CC104130905000E
:10BD2000E356800923246103635C900193050900B5
:10BD300013860C0013050400EF108024130905007E
:10BD4000130B0900631E0A508327C102138DF9FFEC
:10BD5000938C0900232C31018329010293F71700EA
:10BD6000330D8D012324F100232EB10193850900A9
:10BD700013850400EFF08F8C130C05009305090068
:10BD800013850400EF10C038130A050013060B00DA
:10BD90009385090013050400EF10003D0327C5003B
:10BDA000930B0C03930D0500631C07089305050016
:10BDB00013850400EF10C0351307050093850D00AF
:10BDC00013050400930D0700EF005018B3E65D0162
:10BDD000639A060E83278100638A077463420A769A
:10BDE00023807C01138A1C0063049D6793850400F3
:10BDF000930600001306A00013050400EF0050177F
:10BE000093040500930600001306A00093050900A3
:10BE100013050400630E6909EF00901593050B00EC
:10BE200013090500930600001306A0001305040083
:10BE3000EF001014130B0500930C0A006FF01FF3B2
:10BE4000930505001305040083298101832DC10199
:10BE5000EF00D00F634A0A0013F71D00336A5A013E
:10BE600033674701631E070693850400130610001D
:10BE700013050400EF10C010832501029304050090
:10BE8000EF1000296358A02413079003638CEB2460
:10BE9000930B1C0383278102930A0900138D1C0056
:10BEA00023807C01938D170013090B006FF01FCCCA
:10BEB000EF00100C13090500130B0500930C0A008A
:10BEC0006FF0DFEA63440A7283278100336A5A0104
:10BED00033EA4701630C0A70E354B0F1832981010E
:10BEE000130790036380EB200327810293871B00D5
:10BEF000930A0900138D1C00930D17002380FC008A
:10BF000013090B006FF09FC693072000E3DC57BBBB
:10BF1000138D0900E3120C9A832501029306000099
:10BF20001306500013050400EF009004930505006C
:10BF30002320A10213850400EF10801DE35EA0966C
:10BF4000930710032380F90083278102138D1900C2
:10BF5000938D17008325010213050400938D1D00A6
:10BF6000EF00C07EE31609C26FF05FC393050500C2
:10BF700013060A0013050400EF00906B93071000EE
:10BF80002320A10263DE5711130A000003270102D8
:10BF9000832707019387370093972700B307F7009C
:10BFA00003A54700EF00102593070002B387A740C1
:10BFB0006FF01FAB8327C1026390070483278100C2
:10BFC0009397C700639A07028326810093070000B6
:10BFD00013D746011377F77F630C0700832781018E
:10BFE000130B1B0093871700232CF10093071000FD
:10BFF000631C0A54138A0700930710006FF05FA6B2
:10C00000E30CD7A81307C003B307F7406FF09FA74F
:10C0100093071000930A50002328F1028327C101DF
:10C0200003278102B387E700138C17002326F1044E
:10C0300013060C00634C80AD130610006FF00FADBB
:10C040006316050093F71B00E39007B09306000307
:10C050008347FAFF130D0A00130AFAFFE38AD7FE9B
:10C060006FF0DFB0130A0C006FF09FAB93070B006B
:10C070006FF09F998327810303278101232C71038C
:10C08000B387FB40330AFA00B3078701930C07001C
:10C09000330B8B01232CF100930B00006FF09FBD3D
:10C0A0008327C102E39207EE832781009397C7009D
:10C0B000E39C07EC6FF05FF103230102032D4102C3
:10C0C000130920006FF00FB0930A2000232801020B
:10C0D0006FF0CFA2E31005DC13F71B00E31607DABD
:10C0E0006FF05FDB930790032380FC0083278102BE
:10C0F000930A0900138A1C00938D170013090B0083
:10C100006FF09FA493071000130C1000232EF10072
:10C110006FF0CFE6232801026FF05FF00327810460
:10C12000630407300327810193873743330BFB00F8
:10C13000B307F700832B8103930C0700232CF10036
:10C140006FF05FB3930710032380F900938D1D00F8
:10C150006FF0DFA18327810263880730B30BF040C3
:10C1600093F7FB0037370180130787169397370043
:10C17000B387E70003A6070083A647000325010253
:10C180008325410293DB4B40EF301005138D0500F2
:10C1900063880B4213092000B73C018023208104EF
:10C1A000938C8C2513040900130705001306000067
:10C1B0001309050093F61B006380060203A60C001A
:10C1C00083A64C001305070013041400EF30D000C1
:10C1D000130705001306100093DB1B40938C8C00A3
:10C1E000E39A0BFC1305090093870500130904006B
:10C1F00003240104631206A41307050093070D002E
:10C200006FF08FA393850600130607001305070040
:10C21000EF20004E8327810213060A0093860A004E
:10C22000938D1700130B050013890500138C0D0067
:10C23000EF30005A6346A0C613050B0093050900B2
:10C2400013060A0093860A00EF30C04F63160500FC
:10C25000137D1D0063160DC4138D0B006FF01F942A
:10C260008325490013050400EF000043130A05006D
:10C2700063000536032609019305C9001305C500AF
:10C280001306260013162600EFA0CF811306100018
:10C2900093050A0013050400EF00904E130B0500F0
:10C2A0006FF09FAA9305090013860B001305040085
:10C2B000EF001038138604009305050013090500EC
:10C2C00013050400EF009013930705009385040005
:10C2D0001305040093840700EF0040478327810380
:10C2E000B3877741232CF102638E07F46FF04FF48C
:10C2F000032681058326C105032541062328B104B1
:10C3000093850B0023286102EF30006D03230103A6
:10C310008327010693061000238069002324A104CB
:10C320008328010513890500B38BF900638CD72698
:10C3300083A781F103A8C1F1232891042328F102E6
:10C34000232A01032320810613850C00938508000E
:10C350000326010383264103130D1D00EF30C06740
:10C360001384050093040500EF40406A930C050018
:10C37000EF40007213060500938605001385040044
:10C3800093050400938C0C03EF309052A30F9DFF94
:10C39000E390ABFD8324010503240106930C050003
:10C3A0009388050003A601F383A641F303258104C6
:10C3B0009305090023281103EF208033832801030C
:10C3C00013860C0093860800EF308050634C0518EC
:10C3D0000326810403A501F383A541F39306090015
:10C3E000EF30104D8328010313860C00938608005C
:10C3F000EF30003E634CA0108327C10763C607DE01
:10C40000032781029307E00063C0E7DE83278102F0
:10C410000327C10693973700B307F70003AA070065
:10C4200083AA47006FF08FCA032781078326810103
:10C4300093076003B387E740330BFB00B387F60035
:10C44000832B8103938C0600232CF1006FF09F82D5
:10C4500083278102930A090083298101938D1700A4
:10C4600013090B006FF04FEC0327010283274102F1
:10C47000130920006FE05FFC63080CB2032DC104B8
:10C480006350A0BD938507008327810283A6C1F175
:10C4900003A681F19387F7FF130507002324F10614
:10C4A000EF30805313070500130519002328E1041A
:10C4B0002320B104EF40C05D032701058327010459
:10C4C0001306070093860700EF30005103A601F220
:10C4D00083A641F2EF20C021B706C0FC83270104E8
:10C4E00003270105930C0500B38BB6002320A10799
:10C4F0006FE09FFD93061003130C1C006FF08F9CE0
:10C5000023200102130900006FF09FA3130600030C
:10C5100083C7FBFF138D0B00938BFBFFE38AC7FEE2
:10C5200083278106938D17006FF04FE71307900361
:10C5300083298101E388EBBAE34C40956FF09F9526
:10C54000832981016FF01F95138A07006FF01FA4E4
:10C55000938C0700B3878701330B8B01232CF100E9
:10C560006FF04FF183278106138C17006FF04F9304
:10C57000032A8105032B4106032CC106832A0106E9
:10C580006FF00FAC9307200063C85701832D810221
:10C59000032CC1046FF00FD4032CC10423246103C6
:10C5A0006FF01F97832B01046FF0DFDF93072000EC
:10C5B000E3C457FF032CC104232461036FF0CFF6BB
:10C5C0001307050093870500130920006FE0DFE6DD
:10C5D000B7360180373501809386060D13060000BB
:10C5E0009305F02E1305450EEF10D0168329810117
:10C5F000E34CB0876FF01F8AB73601803735018072
:10C600009386060D130600009305F01A1305450ED8
:10C61000EF105014232E0402930500006FE0DFD1C9
:10C62000232801026FE09FCD83A741E467800700C4
:10C6300063800502630206046388060483470600DC
:10C6400023A0F500034506003335A00067800000F5
:10C65000130101FF9305C10063040602638A060209
:10C660008347060023A0F500034506003335A000EC
:10C6700013010101678000001305000067800000BE
:10C68000130500006FF0DFFE1305E0FF6780000078
:10C690001305E0FF6FF0DFFD83274504130101FF61
:10C6A0002324810023229100232611001304050076
:10C6B00093840500638C070213972400B387E70077
:10C6C00003A50700630405040327050023A0E70072
:10C6D00023280500232605008320C10003248100B0
:10C6E000832441001301010167800000130610023A
:10C6F00093054000EF10900C2322A404930705003B
:10C70000E31C05FA130500006FF01FFD2320210133
:10C710001309100033199900130659001316260047
:10C720009305100013050400EF105009630A05007B
:10C730002324250123229500032901006FF05FF9CE
:10C7400003290100130500006FF01FF96380050243
:10C7500003A745008327450413172700B387E70085
:10C7600003A7070023A0E50023A0B700678000000F
:10C77000130101FE232A910083A405013703010060
:10C78000232C81002328210123263101232E11008F
:10C7900013890500930905001384060013884501D9
:10C7A000930800001303F3FF8327080013084800D1
:10C7B0009388180033F767003307C70293D6070141
:10C7C000B386C602B307870013D70701B3F7670024
:10C7D000B386E60013970601B307F700232EF8FE91
:10C7E00013D40601E3C298FC630204028327890084
:10C7F00063DEF4029387440093972700B307F900A0
:10C8000023A2870093841400232899008320C10168
:10C8100003248101832441018329C10013050900F8
:10C8200003290101130101026780000083254900EB
:10C83000138509002324410193851500EFF0DFE5FE
:10C84000130A0500630E0504032609019305C900B8
:10C850001305C5001306260013162600EF909FA4AB
:10C860000327490083A7490413172700B387E7006C
:10C8700003A707002320E90023A027019387440092
:10C8800013090A0093972700B307F900032A8100D0
:10C890009384140023A28700232899006FF01FF7C8
:10C8A000B7360180373501809386060D13060000E8
:10C8B0009305A00B1305C511EF10C069130101FE0C
:10C8C000232C8100232A91002328210123263101D2
:10C8D00023244101938906009307900093868600E4
:10C8E000232E1100B3C6F6021309050013840500B8
:10C8F000130A06009304070063DA370D930710004C
:10C90000930500009397170093851500E3CCD7FE9D
:10C9100013050900EFF05FD893050500630C050AC5
:10C92000930710002328F500232A95009307900011
:10C9300063D8470923225101930A940093840A0083
:10C940003304440183C604001306A0001305090044
:10C95000938606FDEFF0DFE1938414009305050054
:10C96000E39284FE13048AFF33848A00832A410001
:10C9700063563A03B3894941B3093401834604003D
:10C980001306A00013050900938606FDEFF05FDE95
:10C990001304140093050500E31234FF8320C10142
:10C9A0000324810183244101032901018329C1005A
:10C9B000032A81001385050013010102678000002E
:10C9C0001304A400130A90006FF09FFA930500006F
:10C9D0006FF01FF4B7360180373501809386060D5E
:10C9E000130600009305300D1305C51123225101D4
:10C9F000EF104056930705003707010013050000AC
:10CA000063F6E7009397070113050001370700015C
:10CA100063F6E7001305850093978700370700103A
:10CA200063F6E7001305450093974700370700407A
:10CA300063EAE70093C7F7FF93D7F7013305F500E3
:10CA4000678000009397270063CA070013971700B9
:10CA5000634A0700130500026780000013052500E4
:10CA600067800000130535006780000083270500FC
:10CA70001307050093F677006384060293F6170008
:10CA800013050000639E060493F627006388060AD8
:10CA900093D717002320F7001305100067800000CC
:10CAA0009396070193D6060113050000638E0606D0
:10CAB00093F6F70F6380060693F6F7006382060489
:10CAC00093F637006384060293F61700639C060012
:10CAD00093D717001305150063960700130500028E
:10CAE000678000002320F7006780000093D72700AD
:10CAF00093F6170013052500E39606FE6FF05FFD21
:10CB000093D7470093F6370013054500E39E06FAD6
:10CB10006FF0DFFD93D7870093F6F70013058500CC
:10CB2000E39006FA6FF0DFFD93D7070193F6F70F56
:10CB300013050001E39206F86FF0DFFD93D727009D
:10CB40002320F70013052000678000008327450499
:10CB5000130101FF232481002322910023261100C9
:10CB60001304050093840500638C070203A54700A6
:10CB7000630205060327050023A2E7008320C10006
:10CB80000324810093071000232A95002326050023
:10CB90002328F50083244100130101016780000070
:10CBA0001306100293054000EF1040412322A40415
:10CBB00093070500E31C05FAB7360180373501807D
:10CBC0009386060D13060000930550141305C51136
:10CBD000EF1040381306C001930510001305040040
:10CBE000EF10C03DE30A05FC930710002322F50077
:10CBF000930720002324F5006FF05FF8130101FE76
:10CC0000232821012326310103A9050183290601D7
:10CC1000232A910023244101232E1100232C81007B
:10CC2000138A050093040600634C39011387090039
:10CC30009384050093090900130A060013090700ED
:10CC400083A7840083A5440033842901B3A7870008
:10CC5000B385F500EFF05FA4630E051A13034501D9
:10CC600093182400B308130193070300637813019A
:10CC700023A0070093874700E3EC17FF13084A013E
:10CC8000131E2900938E440193952900330EC80189
:10CC9000B385BE006376C81393875401130F400019
:10CCA00063F0F516B70601009386F6FF6F0080016A
:10CCB00093DF0F0163980F08130848001303430024
:10CCC0006370C811832F0800B3F3DF00E38203FE13
:10CCD00093020300938F0E009304000083A70F00BC
:10CCE00003A602009382420033F7D700330777028E
:10CCF00093D707013379D60013560601938F4F005F
:10CD0000B38777023307270133079700935407014E
:10CD10003377D700B387C700B3879700139607010F
:10CD20003367E60023AEE2FE93D40701E3E8BFFADF
:10CD3000B307E30123A09700832F080093DF0F01BF
:10CD4000E38C0FF6032703009302030013860E0003
:10CD500093040700930300008327060093D904017E
:10CD60003377D700B3F7D700B387F70383A4420024
:10CD7000938242001306460033F9D400B38777004C
:10CD8000B38737019393070133E7E30023AEE2FE55
:10CD90000357E6FF93D707013307F703330727014C
:10CDA0003307F70093530701E368B6FAB307E301CB
:10CDB00023A0E7001308480013034300E364C8F10D
:10CDC000634880006F0080011304F4FF63080400CF
:10CDD00083A7C8FF9388C8FFE38807FE8320C101AB
:10CDE00023288500032481018324410103290101B3
:10CDF0008329C100032A810013010102678000001A
:10CE0000B38795409387B7FE93F7C7FF138F47000B
:10CE10006FF05FE9B7360180373501809386060DE4
:10CE200013060000930520161305C511EF1080129C
:10CE3000130101FE232C8100232821012326310127
:10CE4000232E110093773600130406009309050082
:10CE500013890500639C070A13542440630A0406DF
:10CE6000232A910083A409046386040C9377140099
:10CE70006390070213541440630A040403A50400DA
:10CE8000630605069304050093771400E38407FE08
:10CE9000138604009305090013850900EFF01FD6DF
:10CEA000630009020327490083A7490413172700D9
:10CEB000B387E70003A707002320E90023A0270189
:10CEC0001354144013090500E31A04FA83244101A2
:10CED0008320C101032481018329C10013050900B6
:10CEE0000329010113010102678000001386040079
:10CEF0009385040013850900EFF05FD023A0A40000
:10CF000023200500930405006FF01FF89387F7FFB7
:10CF1000373701801307871593972700B307F7006A
:10CF200003A6070093060000EFF09F841309050095
:10CF30006FF09FF29305100013850900EFF0CFF515
:10CF4000930405006300050293071027232AF500C8
:10CF5000930710002328F50023A0A904232005002F
:10CF60006FF0DFF0B7360180373501809386060D0C
:10CF700013060000930550141305C511EF00907DB2
:10CF8000130101FE2322510183AA050183A7850015
:10CF90002326310193595640B38A5901232C81002D
:10CFA000232A91002328210123244101232E11004B
:10CFB00013891A00938405001304060083A5450015
:10CFC000130A050063D8270193971700938515006E
:10CFD000E3CC27FF13050A00EFF00FEC630C0510FC
:10CFE000130845016354300393895900939929002C
:10CFF00033073501930708009387470023AE07FEE8
:10D00000E39CE7FE9389C9FE3308380183A8040135
:10D01000938744011376F40193982800B38817018D
:10D020006304060A93050002B385C5401303080094
:10D030009306000003A707001303430093874700EC
:10D040003317C7003367D700232EE3FE83A6C7FF3D
:10D05000B3D6B600E3E017FF9387540113074000EF
:10D0600063EAF800B38798409387B7FE93F7C7FF4A
:10D07000138747003308E8002320D8006394060094
:10D0800013890A0003A7440083274A048320C101AF
:10D0900013172700B387E70003A7070023282501FC
:10D0A0000324810123A0E40023A0970003290101A8
:10D0B000832441018329C100032A8100832A41007E
:10D0C000130101026780000003A707009387470050
:10D0D00013084800232EE8FEE3F417FB03A707001C
:10D0E0009387470013084800232EE8FEE3EE17FD60
:10D0F0006FF01FF9B7360180373501809386060D32
:10D10000130600009305E01D1305C511EF009064A0
:10D110000327050183A70501130805003305F74020
:10D120006312F7049397270013084801938545017C
:10D130003307F800B387F5006F0080006374E802DE
:10D140000326C7FF83A6C7FF1307C7FF9387C7FF41
:10D15000E306D6FE130510006376D6001305F0FF34
:10D16000678000006780000003A705018327060190
:10D17000130101FF232481002322910023261100A3
:10D18000232021011384050093040600B306F74011
:10D19000631EF718939627001386450113874401F1
:10D1A000B307D6003307D7006F008000637CF61802
:10D1B00083A5C7FF8326C7FF9387C7FF1307C7FF52
:10D1C000E386D5FE1309100063EAD50093870400B7
:10D1D00013090000930404001384070083A544008E
:10D1E000EFF08FCB6306051A83A8040183220401A4
:10D1F000938F440113932800130844019392220053
:10D2000093054501370E01002326250133836F0066
:10D21000B3025800138F0500938E0F009306000091
:10D22000130EFEFF03A70E0003260800130F4F0086
:10D23000B377C701B373C601B3877740B387D7000D
:10D24000135707011356060193D607413307C7400A
:10D250003307D70093160701B3F7C701B3E7D70029
:10D2600013084800232EFFFE938E4E00935607416D
:10D27000E36A58FA13075401338482401304B4FE5E
:10D28000B3B2E20013CF120013542400130740007E
:10D290006384020AB38FEF003388E500B70E010004
:10D2A000130E080013860F00938EFEFF63F46F0CBD
:10D2B00083270600130E4E001306460033F7D701EE
:10D2C0003307D70093D50701135707413307B7003A
:10D2D000B387D700B3F7D70193160701B3E7D70099
:10D2E000232EFEFE93560741E36466FC1303F3FF0F
:10D2F0003303F3411373C3FF33076800639A0700D6
:10D300008327C7FF9388F8FF1307C7FFE38A07FE49
:10D310008320C100032481002328150183244100B8
:10D3200003290100130101016780000013091000A7
:10D33000E3DE06E86FF09FEA1307140013172700D7
:10D340006FF05FF593050000EFF00FB56300050681
:10D350008320C10003248100930710002328F500D7
:10D36000232A050083244100032901001301010140
:10D37000678000001307000063160F003387E50085
:10D380006FF0DFF7131724003387E5006FF01FF706
:10D39000B7360180373501809386060D13060000ED
:10D3A000930550241305C511EF00D03AB73601801C
:10D3B000373501809386060D130600009305702310
:10D3C0001305C511EF001039B707F07FB3F5B700AB
:10D3D000B707C0FCB385F500930700006356B000A3
:10D3E0001385070067800000B305B04093D5454121
:10D3F0009307300163CCB700B7070800B3D5B74037
:10D400009307000013850700678000009385C5FE21
:10D410001307E001930710006346B700B7070080C9
:10D42000B3D7B7009305000013850700678000009D
:10D43000130101FE232A910083240501232C81007E
:10D440001304450193942400B3049400232821017C
:10D4500003A9C4FF23263101232441011305090038
:10D4600093890500232E1100EFF0CFD81307000297
:10D47000B307A74023A0F9009307A000138AC4FFB5
:10D4800063DCA708130655FF6370440583A784FF78
:10D49000630C0604B306C74033D7D7003319C9005D
:10D4A0003369E900938584FF3707F03F3367E9006C
:10D4B000B397C700637EB40203A644FFB356D600F9
:10D4C000B3E7D7006F00C0029307B000630CF5000C
:10D4D0003319C9003707F03F3367E90093070000AD
:10D4E0006F000001930700003707F03F3367E90042
:10D4F0008320C10103248101832441010329010107
:10D500008329C100032A81001385070093050700C2
:10D5100013010102678000009306B000B386A640A5
:10D52000B707F03F3357D9003367F7009307000080
:10D530006376440183A784FFB3D7D7001305550151
:10D540003319A900B367F9006FF09FFA130101FDC9
:10D55000232A5101938A050093051000232291028A
:10D56000232E3101232C4101232611022324810281
:10D570002320210393040600138A06009309070061
:10D58000EFF08F91630205103707100013D94401A3
:10D590009307F7FF1379F97F13040500B3F797009A
:10D5A00063040900B3E7E7002326F10063920A064B
:10D5B0001305C100EFF08FCB0327C10093041000C7
:10D5C00023289400232AE40093070502630809082E
:10D5D0001309D9BC3309F9009304500323202A010D
:10D5E0003385F44023A0A9008320C1021305040061
:10D5F0000324810283244102032901028329C101FA
:10D60000032A8101832A410113010103678000007D
:10D610001305810023245101EFF04FC50327C100FA
:10D6200093070500630E050403268100930600029C
:10D63000B386A640B316D7003357A700B3E6C6009B
:10D640002326E100B334E00093841400232AD4009D
:10D65000232CE40023289400E31C09F613972400EC
:10D660003307E400032507019387E7BC2320FA0072
:10D67000EFF04FB8939454003385A4406FF09FF6B9
:10D68000832681006FF01FFCB7360180373501809B
:10D690009386060D130600009305F0301305C5119F
:10D6A000EF00500B130101FD232021031389050016
:10D6B0009305810023261102232481022322910253
:10D6C000232E310193090500EFF09FD69304050046
:10D6D00013840500130509009305C100EFF05FD521
:10D6E0000327090183A709018326C100B387E74007
:10D6F00003278100939757003307D740B387E7008C
:10D7000013070500635EF002939747013384870097
:10D710009386050013850400930504001306070093
:10D72000EF1090098320C102032481028324410267
:10D73000032901028329C10113010103678000004D
:10D7400093974701B385F5406FF09FFC130101FFEC
:10D7500023202101232611009307700113090500DE
:10D7600063DAA70483A701F183A541F12324810093
:10D770002322910003A481F183A4C1F11385070042
:10D780001306040093860400EF2000251309F9FF17
:10D7900093070500E31409FE032481008320C100E0
:10D7A00083244100032901001385070013010101AF
:10D7B000678000003737018013193500130787157C
:10D7C00033072701832707018320C10083254701F1
:10D7D0000329010013850700130101016780000080
:10D7E000832606019385F5FF93D555409385150053
:10D7F000930746019396260093952500B386D7009C
:10D80000B305B50063F8D7021307050003A80700A6
:10D810009387470013074700232E07FFE3E8D7FE4F
:10D82000B387C6409387B7FE93F7C7FF9387470038
:10D830003305F5006378B50013054500232E05FE7A
:10D84000E36CB5FE678000000327050113D6554041
:10D85000930645016352C70213172700B387E600FA
:10D8600063F2F60403A7C7FF9387C7FFE30A07FE27
:10D87000130510006780000093172600B387F60099
:10D88000E350E6FE93F5F501E38C05FC03A60700E3
:10D89000130510003357B6003317B700E302E6FC58
:10D8A000678000001305000067800000130101FD80
:10D8B0002322910223261102930406006388051E89
:10D8C000232481022320210313840500232E310108
:10D8D000232A5101232C410113090500EF708FF514
:10D8E0000327C4FF9387B40093066001930A84FF63
:10D8F0009379C7FF63F2F61013FA87FF63C207102C
:10D9000063609A1063D24913B737018023248101E1
:10D91000138C874603268C00B3863A0183A7460002
:10D920006308D61C13F6E7FF3386C60003264600BD
:10D9300013761600631A061493F7C7FF3386F900AF
:10D940006358460D13771700631C070223267101E5
:10D95000832B84FF23286101B38B7A4103A74B00FB
:10D960001377C7FFB387E700338B3701635C4B3313
:10D97000338BE90063584B29032B0101832BC10032
:10D980009385040013050900EF60DFEF93040500A1
:10D99000630805408327C4FF130785FF93F7E7FF5C
:10D9A000B387FA006386E7241386C9FF9307400212
:10D9B00063E4C72E13073001636AC720930705008D
:10D9C000130704008326070023A0D70083264700FF
:10D9D00023A2D7000327870023A4E70093050400B0
:10D9E00013050900EF805FDF13050900EF70CFE436
:10D9F000032C81006F00C006130A0001E3749AF043
:10DA00009307C0002320F900930400006F00400535
:10DA100083A7C60003A78600032C81009309060094
:10DA20002326F70023A4E70083A74A00B3864941D1
:10DA30001306F00093F7170033873A016362D608A4
:10DA4000B3E7370123A2FA008327470093E71700C3
:10DA50002322F70013050900EF700FDE9304040082
:10DA6000032481028320C102032901028329C10109
:10DA7000032A8101832A4101138504008324410282
:10DA8000130101036780000013771700E31A07EE04
:10DA900023267101832B84FF23286101B38B7A41F4
:10DAA00003A74B001377C7FF6FF09FEC8320C102E1
:10DAB0008324410293050600130101036F609FDC7C
:10DAC000B3E7470123A2FA00B3854A0193E61600A3
:10DAD00023A2D500832747009385850013050900FD
:10DAE00093E717002322F700EF801FCF6FF09FF618
:10DAF00093F7C7FFB386370113060A0163D0C62622
:10DB000013771700E31E07E623267101832B84FF9A
:10DB100023286101B38B7A4103A74B001377C7FF1A
:10DB2000B387E700338B3701E344CBE483A7CB0013
:10DB300003A78B001386C9FF930640022326F70034
:10DB400023A4E70093848B0063E4C6281307300105
:10DB5000938704006372C702032704009307B00190
:10DB600023A4EB000327440023A6EB0063EAC726A7
:10DB70001304840093870B010327040023A0E7000C
:10DB80000327440023A2E7000327840023A4E7001F
:10DB900033874B01330B4B412324EC0093671B006D
:10DBA0002322F70083A74B001305090093F7170002
:10DBB000B3E7470123A2FB00EF700FC8032B01015D
:10DBC000832BC100032C81006FF09FE983260400A2
:10DBD0001307B0012320D500832644002322D5005B
:10DBE000636EC71413078400930785006FF09FDDF1
:10DBF0008327C5FF032C810093F7C7FFB389F90082
:10DC00006FF09FE283A7CB0003A78B001386C9FFA9
:10DC1000930640022326F70023A4E70093848B0099
:10DC200063E6C6101307300193870400637CC702C4
:10DC3000032704009307B00123A4EB00032744004B
:10DC400023A6EB0063F8C7148327840023A8FB00F6
:10DC50008327C40023AAFB00630CD60A1304040123
:10DC600093878B010327040023A0E70003274400C8
:10DC700023A2E7000327840023A4E70093090B00F5
:10DC8000938A0B00032B0101832BC100032C81001D
:10DC9000138404006FF05FD993050400EFC09FF177
:10DCA0006FF0DFD383A7C60003A786001386C9FFE2
:10DCB000930640022326F70023A4E70003A78B0066
:10DCC00083A7CB0093848B002326F70023A4E700CF
:10DCD00063EEC6041307300193870400E374C7F8AA
:10DCE000032704009307B00123A4EB00032744009B
:10DCF00023A6EB0063F0C70A0327840093074002C2
:10DD000023A8EB000327C40023AAEB00E318F6F4D2
:10DD10000327040193870B021304840123ACEB0057
:10DD20000327C4FF23AEEB006FF0DFF3930504007D
:10DD300013850400EFC01FE86FF05FF40327840031
:10DD40002324E5000327C4002326E5006304F60628
:10DD500013070401930705016FF0DFC6B38A4A0178
:10DD6000B386464123245C0193E7160023A2FA0000
:10DD70008327C4FF130509009304040093F71700D9
:10DD8000B3E74701232EF4FEEF700FAB032C8100A5
:10DD90006FF01FCD1304840093870B016FF09FEC8D
:10DDA00013050900EF704FA993040000032C8100B4
:10DDB0006FF01FCB832604011307840193078501AD
:10DDC0002328D50083264401232AD5006FF09FBF66
:10DDD0009305040013850400EFC0DFDD6FF05FDB07
:10DDE0008327840023A8FB008327C40023AAFB0009
:10DDF0006308D6001304040193878B016FF0DFD70B
:10DE00000327040193870B021304840123ACEB0066
:10DE10000327C4FF23AEEB006FF01FD683A701E4F6
:10DE200067800700638405029307F00F63E8C7006B
:10DE30002380C50013051000678000009307A00829
:10DE40002320F5001305F0FF678000001305000094
:10DE500067800000130101FE232C8100232A91001A
:10DE6000232E110083A701E4130405009384060008
:10DE700063820502E78007009307F0FF6306F5025F
:10DE80008320C10103248101832441011301010284
:10DE9000678000001306000093054100E78007003B
:10DEA0009307F0FFE31EF5FC23A004009307A008EE
:10DEB0008320C1012320F400032481018324410134
:10DEC0001301010267800000130101FE232C810071
:10DED000232A9100232E110083A441F483A701E497
:10DEE00013040600630A0502138605009306040066
:10DEF0009305050013850400E78007009307F0FFF2
:10DF0000630AF5028320C1010324810183244101B6
:10DF1000130101026780000093060600930541008B
:10DF20001306000013850400E78007009307F0FF45
:10DF3000E31AF5FC232004008320C101032481019E
:10DF40009307A00823A0F4008324410113010102D8
:10DF50006780000003A741F4130101FF93870600C7
:10DF600013080600232611008328C7009306050026
:10DF7000138705001386070063000802B737018086
:10DF800093874738B7350180938545391385080055
:10DF9000EF00C014EF00C019371801809307483311
:10DFA000130848336FF01FFE130101FF93060600AC
:10DFB0001306000023261100EFF0DFF9B3B7C50206
:10DFC000130101FF2326110023248100B385C5021C
:10DFD0006390070AEF601F8B130405006300050AB6
:10DFE0000326C5FF130740021376C6FF1306C6FFBC
:10DFF0006368C704930630019307050063F2C60205
:10E0000023200500232205009307B00163F8C7040D
:10E01000232405002326050093070501630CE6066B
:10E0200023A0070023A2070023A407008320C10028
:10E03000130504000324810013010101678000001F
:10E0400093050000EF804F988320C1001305040062
:10E0500003248100130101016780000093078500FC
:10E0600023A0070023A2070023A407006FF01FFCD2
:10E07000EF00800B9307C0002320F500130400007D
:10E080008320C10013050400032481001301010152
:10E09000678000002328050093078501232A0500D7
:10E0A0006FF01FF8130101FC1303C1022326D102F4
:10E0B00093060300232E11002328E102232AF102F4
:10E0C000232C0103232E110323266100EFA01FB58B
:10E0D0008320C1011301010467800000130E0500B5
:10E0E000130101FC03A541F4130381022324C1029F
:10E0F0002326D102138605009306030093050E0024
:10E10000232E11002328E102232AF102232C0103EC
:10E11000232E110323266100EFA05FB08320C101ED
:10E12000130101046780000003A541F4678000002B
:10E13000130101FF1305600023261100EF00802A60
:10E1400013051000EF20CFD68327851163860700C3
:10E150001305000067800000130101FF930500080C
:10E16000232481002326110013040500EF608FF1A2
:10E17000232CA4106304050293070508232005003F
:10E1800013054500E31CF5FE130500008320C100C4
:10E190000324810013010101678000001305F0FFD3
:10E1A0006FF0DFFE130101FE232A9100232E1100E0
:10E1B0009307F0019304050063ECB70283278511F0
:10E1C000232C810013840500638C070213142400A0
:10E1D000B38787000324810103A5070023A0C7009C
:10E1E0008320C101832441011301010267800000E3
:10E1F000930760012320F5001305F0FF6FF05FFE29
:10E20000930500082326C100EF60CFE723ACA410DC
:10E210000326C100930705001307050093060508B0
:10E22000630A05002320070013074700E31CD7FEFD
:10E230006FF0DFF9032481011305F0FF6FF05FFA3F
:10E24000130101FF23229100232611009307F001FF
:10E250009304050063E0B70A832785112324810016
:10E26000138405006384070413972500B387E70030
:10E2700003A70700630C070293061000630CD70086
:10E280009306F0FF6308D70423A007001385050059
:10E29000E700070003248100130500008320C1006C
:10E2A00083244100130101016780000013850400ED
:10E2B000EF00C04313060400032481008320C10043
:10E2C0009305050013850400832441001301010117
:10E2D0006F00803B032481008320C100930760010D
:10E2E0002320F500832441001305100013010101D0
:10E2F00067800000930760012320F5001305F0FFFD
:10E300006FF0DFF99307F00163EAB70C83278511FB
:10E31000130101FF232481002322910023261100F1
:10E320001384050093040500638007081317240075
:10E33000B387E70003A70700630C07029306F0FF0B
:10E340006300D706930610006300D704130504008A
:10E3500023A00700E7000700130500008320C10089
:10E360000324810083244100130101016780000020
:10E370008320C10003248100832441001305100081
:10E3800013010101678000008320C1000324810084
:10E390008324410013053000130101016780000050
:10E3A000130520006FF09FFB93050008EF608FCDF1
:10E3B00023ACA41093070500630E050013070500A6
:10E3C000930605082320070013074700E31CD7FE28
:10E3D0006FF0DFF51305F0FF6FF05FF81305F0FF46
:10E3E00067800000130101FF232291002326110002
:10E3F0009307F00183A441F463EEA70883A7841177
:10E4000023248100130405006382070413172500E9
:10E41000B387E70003A70700630A0702930610000B
:10E42000630AD7009306F0FF6306D70423A0070012
:10E43000E700070003248100130500008320C100CA
:10E44000832441001301010167800000138504004B
:10E45000EF00C02913060400032481008320C100BB
:10E460009305050013850400832441001301010175
:10E470006F008021032481008320C1009307600185
:10E4800023A0F400130510008324410013010101AF
:10E49000678000009307600123A0F4001305F0FFDC
:10E4A0006FF0DFF9130101FF232021012326110062
:10E4B0009307F00103A941F463E2A7042324810038
:10E4C000130405000325891123229100938405007C
:10E4D000630E050213142400B307850003A507008B
:10E4E0000324810023A09700832441008320C100DE
:10E4F00003290100130101016780000093076001F7
:10E500002320F9001305F0FF6FF05FFE930500086C
:10E5100013050900EF600FB7232CA910930705001E
:10E5200013070508630A050023A007009387470027
:10E53000E31CF7FE6FF01FFA0324810083244100DF
:10E540001305F0FF6FF09FFA130101FF23248100F0
:10E5500003A441F42326110083278411638C070050
:10E56000130500008320C100032481001301010171
:10E57000678000009305000813050400EF608FB06A
:10E58000232CA410630C0500930705082320050025
:10E5900013054500E31CF5FE6FF09FFC1305F0FF2B
:10E5A0006FF05FFC130101FF23229100232611006D
:10E5B0009307F00183A441F463E4A70C83A78411BB
:10E5C0002324810013040500638207081317240025
:10E5D000B387E70003A70700630C07029306F0FF69
:10E5E0006300D706930610006300D70413050400E8
:10E5F00023A00700E70007000324810013050000A3
:10E600008320C100832441001301010167800000C1
:10E61000032481008320C1008324410013051000DE
:10E620001301010167800000032481008320C100E1
:10E6300083244100130530001301010167800000AD
:10E6400003248100130520006FF09FFB9305000851
:10E6500013850400EF600FA323ACA41093070500FB
:10E66000630E050013070500930605082320070025
:10E6700013074700E39CE6FE6FF05FF5032481007B
:10E680001305F0FF6FF0DFF7130101FF138705009B
:10E690002324810023229100130405009305060022
:10E6A000130507002326110023AE01F4EF204F8A43
:10E6B0009307F0FF630CF5008320C1000324810061
:10E6C00083244100130101016780000083A7C1F585
:10E6D000E38407FE8320C1002320F400032481008B
:10E6E0008324410013010101678000006F204F83E4
:10E6F000B7071000130101FE938EF7FF33F8BE0039
:10E70000B3F7DE0013D346012328210113D94501B5
:10E7100093973700232C81001318380013D4F50188
:10E720001357D5019358D6011379F97F1373F37FEB
:10E73000232E1100232A91002326310193D6F601BE
:10E74000B3E8F8003367070193153500131F36004F
:10E75000B30769406304D41E6352F01663060328AE
:10E760009306F07F6306D9429306800313061000D8
:10E7700063CEF602B7068000B3E8D8009306F00136
:10E7800063CEF65293060002B386F6403396D80065
:10E790003355FF00B316DF003366A600B336D00052
:10E7A000B3D8F8003366D600330717413386C54027
:10E7B000B3B5C50093040600B309B7409397890029
:10E7C00063DA0732B70780009387F7FFB3F9F900E0
:10E7D0006388092C13850900EF201001930785FF3A
:10E7E000930600023387F64033D7E400B399F9006B
:10E7F00033673701B394F40063C8274BB3872741CD
:10E8000093871700B386F6403396D400B3D9F4004B
:10E810003336C00033663601B316D700B3E4C60002
:10E82000B359F7001309000093F7740063800702DF
:10E8300093F7F40013074000638AE70093874400CE
:10E8400033B69700B389C900938407009397890072
:10E8500063DA076E930719001307F07F130E0400A5
:10E860006386E72A370780FF1307F7FF33F7E900CE
:10E8700093F7F77F1318D70113D6340013179700B7
:10E880003368C8001357C7008320C10103248101E6
:10E8900093974701B3E7E7001317FE01B3E7E700DB
:10E8A00083244101032901018329C10013050800C4
:10E8B000938507001301010267800000638C071431
:10E8C000B30723416312093C3365B7006304054C69
:10E8D0001385F7FF630205601308F07F638607570F
:10E8E000930780031306100063CCA702930705006B
:10E8F0001306F001634CF656130500023305F5408C
:10E900003316A70033D8F5003395A500336606010A
:10E910003335A0003357F7003366A600B388E840CC
:10E920003306CF403337CF0093040600B389E84065
:10E9300013090300138406006FF05FE86350F01EB4
:10E9400063100314B3E6E801638C06269386F7FF91
:10E95000638006481306F07F638CC7229307800309
:10E960009309100063CCD702938706009306F00149
:10E9700063C0F64A93060002B386F640B399D80006
:10E980003356FF00B316DF00B3E9C900B336D00039
:10E99000B3D8F800B3E9D90033071701B385B9003C
:10E9A000B3B9350193840500B389E90093978900D1
:10E9B00063D20714130919009307F07F630CF9362B
:10E9C000B70780FF9387F7FF13F61400B3F7F9003A
:10E9D00013D714003367C7001396F701B364E6003A
:10E9E00093D917006FF05FE4B3E6E801638A061C71
:10E9F0009386F7FF638006401306F07F638AC7188B
:10EA00009307800313061000E3C2D7DA938706004A
:10EA10006FF0DFD6130819001378E87F631C082213
:10EA20003363B70033E8E80163100938630E034627
:10EA300063060840B389E54133B535013306174114
:10EA40003306A64013158600635E0550B305BF402C
:10EA50003387E840333FBF003307E7411316870091
:10EA600093840500635E0652B70780FF9387F7FF24
:10EA70003377F700138E0600930710006FF09FDFC7
:10EA80009306F07F6306D910930680039309100064
:10EA9000E3C6F6F0B7068000B3E8D8006FF01FEDCC
:10EAA00013850400EF204054930785019306F0017D
:10EAB000E3D8F6D2130785FF3397E40063C6272314
:10EAC000338927419307190063D6F648130919FEC5
:10EAD00093060002B3542701638CD7009306000409
:10EAE000B387F6403317F7003337E000B3E4E400B0
:10EAF0001309000093F77400E39C07D29307090001
:10EB000013D63400138709006F00000C9307F07FC1
:10EB100013070000130800006FF01FD7638A070C6B
:10EB2000B30723416302091E9306F07F6308D332C3
:10EB3000930680039309100063CEF602B7068000A7
:10EB40003367D7009306F00163C8F63C93060002D2
:10EB5000B386F640B319D70033D6F500B396D50087
:10EB6000B3E9C900B336D0003357F700B3E9D90091
:10EB7000B388E8003387E901B3393701930407000C
:10EB8000B3891901130903006FF05FE263100802F3
:10EB900013163500135636001318D7013368C80012
:10EBA000135737003367070163060718130E000079
:10EBB0009307F07F37070800130800006FF0DFCCE1
:10EBC00013163500135636001318D7019306F07F3D
:10EBD0003368C80013573700E386D7FC1317C70004
:10EBE0001357C70093F7F77F130E04006FF0DFC9C8
:10EBF0009306190013F8E67F63180814B366B7008C
:10EC0000631C092863820630B3E6E80163880622A4
:10EC1000B387E501B3B5B700330717013307B70072
:10EC200013D8370093178700130E040063DE0734F0
:10EC3000B70780FF9387F7FF3377F7009317D70164
:10EC40001357370033E807013377D70193071000D4
:10EC50006FF09FC33388E541B3B70501B30917418E
:10EC6000B389F940939789009304080063C607109D
:10EC700033683801E31E08B4130E00009307000048
:10EC8000130700006FF05FC01305F07F630EA31A37
:10EC90001305800313061000E344F5C8370680000F
:10ECA0003367C7006FF0DFC4B70980FF9389F9FFAE
:10ECB0003309F940B37937016FF01FB7938607FE28
:10ECC00013060002B3D6D800638AC70013060004F7
:10ECD000B307F640B397F800336FFF003336E00117
:10ECE0003366D6006FF09FACB70680FF9386F6FFC1
:10ECF000B307F9403377D7001318D70133683801C9
:10ED0000135737006FF09FEDB366B7006386061E9A
:10ED10009386F7FF638E060A1305F07F6380A714BE
:10ED20009307800393091000E3C6D7E49387060096
:10ED30006FF05FE1130E04009307F07F13070000EC
:10ED4000130800006FF05FB49307F07FE384F6FED2
:10ED5000338FE501B335BF00B3071701B387B700A1
:10ED60001396F701135F1F00B364E60193D91700F0
:10ED7000138906006FF05FAB3306BF40B387E840EE
:10ED80003337CF0093040600B389E74013840600AD
:10ED90006FF01FA4131636001356360013840600B6
:10EDA000138708006FF05FE2E31203DE6306081CBE
:10EDB00013D73800131636009398D801336717011C
:10EDC000135636003367C700138406006FF0DFDD8B
:10EDD000338FE501B3081701B335BF00B389B8001D
:10EDE0009397890093040F0063D4070E1309200042
:10EDF0006FF01FBD338FE541B3081741B3B5E5018F
:10EE000093040F00B389B840130910006FF01F9BE3
:10EE1000938607FE13060002B3D6D800638AC700A4
:10EE200013060004B307F640B397F800336FFF00F2
:10EE3000B339E001B3E9D9006FF05FB613163500BE
:10EE4000935936006FF05FEB1316360013563600F9
:10EE500013840600138708006FF01FD413163600C2
:10EE600013563600138708006FF01FD3138507FE73
:10EE7000130600023355A700638AC7001306000477
:10EE8000B307F640B317F700B3E5F5003336B0002B
:10EE90003366A6006FF0DFA8E38206FC33EFE801DB
:10EEA000E3160FD06FF0DFCEE30808DC131836004E
:10EEB0009397D8011358380013D738003368F800F7
:10EEC0003377D701138E0600930700006FF0DF9BA6
:10EED000930710006FF0DFC2B305BF40B388E8406E
:10EEE0003337BF0093840500B389E84013840600DC
:10EEF000130910006FF09F8C13163600135636005E
:10EF0000138708006FF05FCC131636009359360054
:10EF1000138708006FF05FDE938607FE130600027A
:10EF2000B356D700638AC70013060004B307F64040
:10EF3000B317F700B3E5F500B339B000B3E9D90072
:10EF40006FF05FC313D634009307090013870900DD
:10EF50006FF09FC793060002B386F64013060000C9
:10EF60006FF05F8B33E8C900E30808D093D939000C
:10EF7000130706006FF05FD8130E00009307F07FB1
:10EF8000370708006FF05F909317D70113573700CA
:10EF900033E807013377D701930700006FF0DF8E66
:10EFA0001318D70193D535003368B80013573700CD
:10EFB000138406006FF09FC2130101FD232E31015F
:10EFC00093D9450123248102232291022320210386
:10EFD000232C4101232671019394C500232611029D
:10EFE000232A5101232861012324810193F9F97F08
:10EFF00013040500930B06001389060093D4C40084
:10F0000013DAF501638A09189307F07F6388F9081A
:10F01000939434009357D501B3E7970037078000E6
:10F02000B3EAE700131B3500938919C0930400006D
:10F03000130C0000935749011314C90093F7F77F8D
:10F040001354C4001359F901638207081307F07FB2
:10F05000638AE7181314340013D7DB013367870082
:10F06000938717C0370480003364870093983B0070
:10F07000B389F940130600001307F000B3462A01D4
:10F0800063649724B7370180939424009387473CA7
:10F09000B384F40003A7040067000700B3EAA400E8
:10F0A000639E0A1C935749011314C90093F7F77F15
:10F0B000130B0000930480009309F07F130C2000D1
:10F0C0001354C4001359F901E39207F8B3687401AB
:10F0D0006382081C630A044A13050400EF10D07011
:10F0E00093070500930655FF1307D001938887FF08
:10F0F0003307D7403314140133D7EB003364870050
:10F10000B3981B01B38737019389373F130600007B
:10F110006FF09FF63307F74013068003635AE64EFD
:10F120009307000013060000130700008320C102AC
:10F130000324810293974701B3E7C7009396F60132
:10F14000B3E7D70083244102032901028329C101C7
:10F15000032A8101832A4101032B0101832BC10072
:10F16000032C810013050700938507001301010399
:10F17000678000009307F07F13060000130700006C
:10F180006FF0DFFA930600009307F07F3706080060
:10F19000130700006FF09FF9B3EAA400638C0A1014
:10F1A0006388044013850400EF1010641307050002
:10F1B000930655FF9307D001130B87FFB387D74002
:10F1C000B3946401B357F400B3EA9700331B6401AE
:10F1D0009309D0C0B389E94093040000130C0000E8
:10F1E0006FF05FE5B368740193891980639C080A26
:10F1F00093E4240013040000130620006FF0DFE7FF
:10F2000013090A0013840A0093080B0093072000D7
:10F210006308FC4E93073000E306FCF693071000EA
:10F2200093060900E30EFCEE9387F93F6356F02A3C
:10F2300013F778006316074A13177400635A070020
:10F24000B70700FF9387F7FF3374F40093870940F3
:10F250001307E07FE340F7F293D838001317D40187
:10F2600013169400336717011356C60093F7F77F00
:10F270006FF0DFEB130C06006FF05FF9938A040068
:10F28000130B05009304C0009309F07F130C3000AA
:10F290006FF05FDA93E4140013040000130610000B
:10F2A0006FF09FDD93E4340093880B001306300069
:10F2B0006FF09FDC130B00009304400093090000E3
:10F2C000130C10006FF01FD76364542B63808A2ADD
:10F2D00013030B009389F9FF93870A00130B0000B7
:10F2E000131784001355070133D4A70213D68801DE
:10F2F0003366E60013180601135808019395880039
:10F3000013570301B3F7A702B308880293970701C5
:10F31000B367F70063FA1701B307F6001307F4FFAA
:10F3200063F0C72E13040700B3871741B3D8A702B1
:10F330001317030113570701B3F7A702B30F1803FD
:10F34000939707013367F700637AF7013307E60005
:10F350009387F8FF637EC72893880700131404017E
:10F36000B7020100336414011383F2FFB378640021
:10F37000935E040113DE050133F36500330F1303BD
:10F380003307F741B3081E0393570F01B38F6E0283
:10F39000B388F801B3871701B38ECE0363F4F70186
:10F3A000B38E5E00B70F0100938FFFFF93D8070164
:10F3B000B3F7F70193970701337FFF01B388D801B3
:10F3C000B387E701636E1717630A1717B307FB408C
:10F3D00033071741333BFB00330767416300E62ED9
:10F3E000B358A70293DE07013377A702330F180340
:10F3F0001317070133E7EE00637EE7013307E600EA
:10F40000938EF8FF636AC72E6378E72F9388E8FF2F
:10F410003307C7003307E741B35EA702939707019D
:10F4200093D707013377A7023308D80313170701CF
:10F43000B3E7E70063FE0701B307F6001387FEFF9B
:10F4400063E8C72A63F6072B938EEEFFB387C700E6
:10F4500093980801B3E8D8011395080113DF080158
:10F4600013550501B30E6502B38707413305AE029C
:10F4700013D70E0133036F02330565003307A7006E
:10F48000330EEE036376670037050100330EAE00DE
:10F49000370801001308F8FF1355070133770701F8
:10F4A00013170701B3FE0E013305C5013307D7015A
:10F4B00063F2A712B307F6001383F8FF138807005F
:10F4C00063E4C71C63E8A7246386A72693080300A8
:10F4D00093E818006FF05FD513071000E39C07C294
:10F4E0009389E941B3973801B337F000B319340178
:10F4F000B3E73701B3D8E800B3E8F80093F7780032
:10F500003354E4006380070293F7F80013074000C8
:10F51000638AE70093874800B3B8170133041401E6
:10F5200093880700931584009307100013060000CA
:10F5300013070000E3CC05BE6F004013E378FBE83F
:10F54000B30EBB0033BF6E01B30FCF003307F7011B
:10F55000138B0E00930FF4FF6374E60863621715B4
:10F56000638EE81213840F006FF05FE6E3621BD72F
:10F5700013571B001393FA0193D71A003363E30068
:10F58000131BFB016FF0DFD513850B00EF10D025A7
:10F59000930655011307C00193070502E356D7B43C
:10F5A000130585FF930800003394AB006FF09FB5FF
:10F5B000EF109023930655019307C001130705022E
:10F5C000E3DAD7BE930785FFB31AF400130B0000EC
:10F5D0006FF01FC0E39EA7EEE30807C46FF09FED36
:10F5E000E312E6F8E30C0FF613840F006FF01FDE52
:10F5F000E374F7D79388E8FF3307C7006FF01FD68F
:10F60000E3F217D31304E4FFB387C7006FF0DFD131
:10F610001306F001E356E6EC130610FEB307F640BE
:10F6200013060002B357F4006308C7009389E94347
:10F63000B3193401B3E83801B3381001B3E8F80066
:10F6400013F77800130600006308070293F7F80029
:10F650001307400013040000638AE7009387480003
:10F66000B3B81701333410019388070013169400C0
:10F670001317D4011356C60093D8380033E7E800B7
:10F68000930700006FF09FAA93080300E312A8E419
:10F69000E30CB7B893E818006FF01FB9E3F4FEEC81
:10F6A000B38ED50133BFBE00330FCF001304E4FF88
:10F6B000138B0E003307E7016FF05FD1130720C0F3
:10F6C0009387F93F9308F0FFE3C8E9E01387480008
:10F6D000B338170133041401930807006FF0DFB546
:10F6E00013F7F80013064000E308C7B46FF01FFEDD
:10F6F000930E07006FF0DFD593880E006FF09FD157
:10F70000930609009307F07F13060000130700001B
:10F710006FF0DFA1139315003338B3003308C8002E
:10F72000338807019388E8FF93050300E302A8F6F6
:10F730006FF01FDAE3E0E5FE93080300E31CB7F483
:10F740006FF09FAE13D74501B70710009387F7FFFF
:10F7500013D846011377F77F1303F07F33FEB7000A
:10F7600093080500B3F7D70093D5F5011378F87F18
:10F7700093D6F60113051000630C67006308680058
:10F78000631407016306FE026780000067800000C3
:10F79000E31CE8FEB367FE00B3E7C700B3E7170159
:10F7A000E39407FEB385D5403335B0006780000091
:10F7B000E39CC8FC638AD500E31807FC336E1E0186
:10F7C0003335C0016780000013050000678000002A
:10F7D00093D84501B70710009387F7FF13D7460169
:10F7E00093F8F87F130EF07F33F3B700130805008A
:10F7F000930E0500B3F7D70093D5F501130F06005C
:10F800001375F77F93D6F6016388C8056304C503B3
:10F81000639A0806336803016310050633E6C700E0
:10F82000630C06086312080A1305100063820608B9
:10F830006780000033E6C70063140608639608007B
:10F8400033630301E30203FE6380D506639205067A
:10F850001305100067800000336303016312030681
:10F86000E31615FFB3E7C700639C0704E390D5FEDA
:10F870001305000067800000E30808FAE398D5FC50
:10F880006F008002E30405FCE392D5FCE34015FD24
:10F8900063CCA800E3EC67FA6318F300E368DFFBCE
:10F8A00013050000E3F6EEF913051000E39205F8E6
:10F8B0001305F0FF67800000E31A08F86780000076
:10F8C0001305E0FF67800000E386D5FC6FF01FF8AA
:10F8D00093D84501B70710009387F7FF13D7460168
:10F8E00093F8F87F1303F07F33FEB7001308050089
:10F8F000930E0500B3F7D70093D5F501130F06005B
:10F900001375F77F93D6F601638A68046304650272
:10F910006398080633680E01631E050833E6C700C6
:10F920006304060A6316080A1305100063800608BC
:10F930006780000033E6C70013052000E31A06FEC7
:10F9400063960800336E0E01E3000EFE638CD5044F
:10F95000639E05041305100067800000336E0E01DE
:10F9600063100E06E31615FFB3E7C700130520006A
:10F97000E39007FCE39ED5FC1305000067800000C0
:10F98000E30805FCE396D5FCE34415FD63CCA80031
:10F99000E3E0C7FD6318FE00E36CDFFB1305000026
:10F9A000E3F8EEF913051000E39405F81305F0FFF2
:10F9B00067800000E30A08F6E39CD5F86FF09FFE2D
:10F9C0001305200067800000E31408F8678000003A
:10F9D000E380D5FC6FF0DFF7130101FD93D74501FC
:10F9E000232481022322910223202103232E31018B
:10F9F000232A51019394C50023261102232C41018F
:10FA000023286101232671012324810193F7F77FC5
:10FA100013040500930A06009389060093D4C400DA
:10FA200013D9F501638407421307F07F6386E70A61
:10FA3000939634001357D5013367D700B70680007B
:10FA4000B364D700131A3500138C17C0130B0000D2
:10FA5000930B000093D749011397C90093F7F77FE1
:10FA6000138F0A001354C70093D9F9016380070A62
:10FA70001307F07F638EE7141317340093D5DA0170
:10FA8000B3E5E500938717C03707800033E4E5004E
:10FA9000139F3A00B3888701130300001307A000E7
:10FAA00013851800634C670BB34539019307200099
:10FAB0001388050063C66715130BFBFF13071000BF
:10FAC00063606717630AF33C93040400130A0F0092
:10FAD000930B03006F00C00933EAA40063180A3CCB
:10FAE00093D749011397C90093F7F77F9304000058
:10FAF000130B8000130CF07F930B2000138F0A0070
:10FB00001354C70093D9F901E39407F6B36754017E
:10FB10006382073C6300044A13050400EF10C04CE5
:10FB200093080500130755FF9307D001138F88FF33
:10FB3000B387E740B3D7FA003317E40133E4E700B3
:10FB4000339FEA01B3081C419388D8C01307A00073
:10FB50001303000013851800E35867F593050900A7
:10FB600093072000638AFB3293073000638CFB48C5
:10FB70009307100013880500639AFB469307000063
:10FB800093060000130700008320C10203248102B2
:10FB900093974701B3E7D7009316F801B3E7D7006F
:10FBA00083244102032901028329C101032A81011F
:10FBB000832A4101032B0101832BC100032C810007
:10FBC00013050700938507001301010367800000F8
:10FBD000336754019308FC7F630A0730371700002E
:10FBE0003348390113070780136B3B009306A000CD
:10FBF000930508003305EC0063C066391303300039
:10FC0000130610003316660113770653E31A07F440
:10FC1000937706246394073C137686086312062EB6
:10FC2000B70F0100938EFFFFB377DA0193560A01F5
:10FC3000B37EDF01135E0F013387D7033383D6030F
:10FC4000935507013306FE0233066600B385C500EF
:10FC5000338FC60363F46500330FFF01B703010060
:10FC60001386F3FF33F3C500935F04013377C700B6
:10FC70003374C40013130301B38287023303E30018
:10FC800093D505013387860213D60201B387FF029D
:10FC9000B387E7003306F600B387F6036374E60024
:10FCA000B3877700370901009309F9FF33773601ED
:10FCB00093D30401B3F63401B3F2320113170701F1
:10FCC000B384DE0233075700135606013306F600ED
:10FCD000B385E500B302DE0293D70401B38ED303EC
:10FCE000B382D201B3875700330E7E0263F4D7018B
:10FCF000330E2E01B7090100938EF9FFB3F2D7013D
:10FD000093D70701B387C701B3FED40193920201D1
:10FD10003309D402B382D20133848302135E090112
:10FD2000B386DF02B3868600330EDE00B38E7F0219
:10FD300063748E00B38E3E01B70F0100938FFFFFF7
:10FD4000B376FE01939606013379F901B385E50197
:10FD5000B38626013386C60033B7E5003307E600D5
:10FD6000338F5500B307F700B335BF00B385B70035
:10FD7000B336D6003336C700B3E6C60033B7E70064
:10FD8000135E0E01B3B7F500B386C6013367F70003
:10FD900093179F003307D700B3E767003307D701F6
:10FDA000B337F00013567F011317970093D67501F0
:10FDB000B3E7C7009395950033EAB7009317770030
:10FDC000B364D70063D0070213571A0093771A0061
:10FDD0009396F401B367F70033EAD70093D4140085
:10FDE000930805001386F83F6356C01293777A0094
:10FDF000638007029377FA0013074000638AE700E5
:10FE000013074A00B3374701B384F400130A07000D
:10FE10009397740063DA0700B70700FF9387F7FF33
:10FE2000B3F4F400138608409307E07F63C4C71C53
:10FE300093573A001397D401939694003367F700D1
:10FE400093D6C6009377F67F6FF01FD433EAA400F1
:10FE500063080A06638E041213850400EF10C018AD
:10FE600013060500930655FF1307D001930786FF7D
:10FE70003307D7403357E400B396F400B364D70098
:10FE8000331AF4009307D0C0338CC740130B000023
:10FE9000930B00006FF01FBC138805009307F07FE1
:10FEA00093060000130700006FF01FCE130A050031
:10FEB000130BC000130CF07F930B30006FF09FB951
:10FEC00093040000130B4000130C0000930B100070
:10FED0006FF05FB8136B1B0093080C001304000055
:10FEE000130F0000130310006FF05FBB136B2B00A8
:10FEF00013040000130F0000130320006FF01FBA5B
:10FF000093040400130A0F00930B03009385090068
:10FF10006FF01FC513071000631006109388E841A7
:10FF200033161A013336C000B3981401B357EA00F0
:10FF3000336616013366F60093777600B3D5E40096
:10FF4000638007029377F60013074000638AE70097
:10FF50009307460033B6C700B385C5001386070074
:10FF60001395850093071000930600001307000007
:10FF7000E34C05C06F00C0101307F0006310EB12D4
:10FF800013080000B7060800130700006FF0DFBF7A
:10FF9000EF108005930655019307C0011306050273
:10FFA000E3D4D7EC130585FF130A0000B314A400B3
:10FFB0006FF05FED13850A00EF1000031307550182
:10FFC0009307C00193080502E3D0E7B6130585FF48
:10FFD000130F00003394AA006FF0DFB6130800007F
:10FFE0009307F07FB70608006FF01FBA930805006B
:10FFF0006FF05FDF9307F07F9306000013070000A8
:02000004800179
:100000006FF09FB8130800009307F07FB706080051
:10001000130700006FF05FB73307C74093078003F3
:10002000E3CEE7B49307F001E3DAE7EE930710FEBF
:10003000B387C74093060002B3D7F4006308D70024
:100040009388E843B3981401336A1A0133364001A8
:100050003366F60013777600930600006308070204
:100060009377F6001307400093050000638AE700CA
:100070009307460033B6C700B335C00013860700A8
:10008000939695001397D50193D6C6001356360064
:100090003367E600930700006FF01FAF930404007E
:1000A000138A0A00930B3000938509006FF05FAB51
:1000B000B70710009387F7FF130101FEB3F8B700ED
:1000C00033F8D70093D7460193983800232C81004A
:1000D0002326310113D4F50193D945011357D501D6
:1000E000131838009355D601232E1100232A9100AE
:1000F0002328210113FFF77F1303F07F33671701D4
:1001000093F9F97F130E04009318350093D6F60186
:10011000B3E50501931E3600630C6F2093C61600ED
:10012000B387E9416302D416E35AF000630A0F244F
:100130006384693C930680031305100063CEF602C6
:10014000B7068000B3E5D5009306F00163C4F64E10
:1001500093060002B386F6403395D50033D6FE00F1
:10016000B396DE003365C500B336D000B3D7F500D3
:100170003365D5003307F7403385A84033B6A80070
:10018000930405003309C7409317890063D80734E7
:10019000B70780009387F7FF3379F9006306092ECC
:1001A00013050900EF005064930785FF93060002D2
:1001B0003387F64033D7E4003319F900336727015A
:1001C000B394F40063C4373FB38737419387170074
:1001D000B386F6403396D40033D9F4003336C000EA
:1001E0003366C900B316D700B3E4C6003359F7002D
:1001F0009309000093F774006380070293F7F400FB
:1002000013074000638AE7009387440033B59700E3
:100210003309A900938407009317890063D0076C02
:10022000938719001307F07F6386E724370780FF61
:100230001307F7FF3377E90093F7F77F1318D70118
:1002400013D53400131797003368A8001357C7005D
:10025000137E14008320C101032481019397470179
:10026000B3E7E7001317FE01B3E7E700832441017A
:10027000032901018329C1001305080093850700A4
:1002800013010102678000006352F07063160F1CB7
:10029000B3E6D501638E06269386F7FF638806468C
:1002A000638C6724930780031309100063CCD70283
:1002B000938706009306F00163CAF648930600028E
:1002C000B386F6403399D50033D6FE00B396DE00F0
:1002D0003369C900B336D000B3D7F5003369D9000C
:1002E0003307F7003306190133392601930406005A
:1002F0003309E9009317890063D2071E9389190017
:100300009307F07F6388F916B70780FF9387F7FF9D
:1003100013F51400B377F90013D714003367A7005F
:100320001395F701B364E50013D917006FF09FEC44
:1003300033E8D5011383198063080806630AD406DD
:100340006304030E638E092613153600135535001A
:1003500013840600138705001318D7013368A8001B
:10036000135737003367070163060710130E0000A9
:100370009307F07F37070800130800006FF09FED28
:10038000B3E6D501638606189386F7FF6382063AC3
:10039000638467169307800313051000E3CED7DC50
:1003A000938706006FF05FDA93C61600E31AD4F85D
:1003B000630803186390092C9307F07FB366170155
:1003C000638806489386F7FF638206341305F07F3F
:1003D0006382A72A930780031309100063CAD70218
:1003E0009307F00163C6D74C93070002B387D74049
:1003F0003319F70033D6D800B397F8003369C90032
:10040000B337F000B356D7003369F900B385D50090
:100410003307D90133392701930407003309B900A1
:1004200093090F006FF01FED9387190093F7E77F93
:100430006394071433E8D501B36717016394092A5D
:10044000638E07386310083C1315350013593500C7
:10045000930700006F0040116380690A93068003D0
:1004600013091000E3C0F6E8B7068000B3E5D50035
:100470006FF05FE4137E14009307F07F1307000012
:10048000130800006FF01FDD13850400EF00D03566
:10049000930785019306F001E3DAF6D0130785FF91
:1004A0003397E40063CE371BB38937419387190034
:1004B00063DEF642938919FE93060002B3543701B6
:1004C000638CD70093060004B387F6403317F70018
:1004D0003337E000B3E4E4009309000093F77400BD
:1004E000E39E07D09387090013D534001307090052
:1004F0006F008002E31C08E6131535001318D701BE
:10050000135535003368A800135737006FF09FE587
:1005100013153500135535001318D7019306F07FD6
:100520003368A80013573700E38ED7E21317C700CC
:100530001357C70093F7F77F137E14006FF09FD116
:100540009386190093F7E67F639E0712B36717013E
:10055000639A092463860730B3E7D501639A0730AD
:1005600013153500135935001318D70133682801C6
:10057000135737006FF09FFB3388D841B3B708019A
:100580003309B7403309F9409317890093040800F1
:1005900063C2071233682801E31208C0130E00007B
:1005A00093070000130700006FF0DFCA370980FFD0
:1005B0001309F9FFB389F940337927016FF09FC31D
:1005C0009307F07F33651701630405101388F7FF65
:1005D0006302081E1305F07FE388A7D69307800304
:1005E000138406001305100063CA07039307F00184
:1005F00063C4071993070002B38707413315F70057
:10060000B3D60801B397F8003365D500B337F000CF
:10061000335807013365F500B38505413385AE4096
:1006200033B7AE00930405003389E54093090F000A
:100630006FF09FB5938607FE13060002B3D6D50070
:10064000638AC70013060004B307F640B397F500AA
:10065000B3EEFE003335D0013365D5006FF0DFB166
:10066000B70680FF9386F6FFB387F9403377D7004C
:100670006FF09FEF131536001355350013870500F3
:100680006FF09FCD9307F07FE386F6DEB38ED8013F
:1006900033B61E01B307B700B387C7001395F70140
:1006A00093DE1E00B364D50113D9170093890600A9
:1006B0006FF05FB433861E41B387E54033B7CE0099
:1006C000930406003389E740138406006FF01FADE2
:1006D00013163600135536001384060013870500E1
:1006E0006FF09FE3E39807E06306082213D7350015
:1006F000131636009395D5013367B70013563600AD
:100700003367C700138406006FF01FC6B38ED8018D
:10071000B305B70033B61E013389C50093178900AE
:1007200093840E0063D8070A930920006FF0DFBDA1
:10073000B38ED841B305B74033B6D80193840E00C9
:100740003389C540930910006FF01FA4938607FEFC
:1007500013060002B3D6D500638AC700130600044F
:10076000B307F640B397F500B3EEFE003339D0017E
:100770003369D9006FF01FB7930708FE9306000294
:10078000B357F700630AD80093060004B386064106
:100790003317D700B3E8E800333510013365F500AF
:1007A0006FF0DFE7E38807ECB3EED501E3900EBC12
:1007B0006FF09FD433861E41B385E54033B7CE003A
:1007C000930406003389E540138406009309100062
:1007D0006FF09F9B930710006FF01FD1E30008DCC0
:1007E00013163600935736001398D50113979500CA
:1007F0003368F8001357C700138E060093070000F4
:100800006FF05FA53389D841B3B728013306B740ED
:100810003306F6409317860063D2070E33861E41D7
:100820003387E540B3BECE003307D7419317870027
:100830009304060063DE0712B70780FF9387F7FF74
:100840003377F70013840600930710006FF01F9FA3
:100850001316360013553600138705006FF0DFCBF3
:100860001316360013593600138705006FF0DFCFDB
:10087000B386D801B307B70033B61601B387C700F4
:100880001397870013D83600635E0708370780FF89
:100890001307F7FFB3F7E7001397D7019397970074
:1008A0003368070113D7C700930710006FF09F9AB2
:1008B000938706FE13060002B357F700638AC6004B
:1008C00013060004B306D6403317D700B3E8E80098
:1008D000333910013369F9006FF09FB313D5340039
:1008E00093870900130709006FF01FC393060002E6
:1008F000B386F640130600006FF09F8E3368C90080
:10090000E30E08C8135939009307000013070600C7
:100910006FF09FC5130E00009307F07F37070800A4
:100920006FF05F931397D701939797003368070190
:1009300013D7C700930700006FF0DF91E38607AE7F
:1009400033083F4193070800E38E09C693078003ED
:1009500063CA0701B70780003367F70013840600F6
:100960006FF0DFC813840600130510006FF01FCB73
:100970001318D701135636003368C80013573700D1
:1009800093070000138406006FF05FBAE38A07BA8A
:10099000B3063F4163960900938706006FF01FA2DC
:1009A0009307800313091000E3C4D7A6B70780009C
:1009B0003367F7006FF0DFA213D74501B7071000C8
:1009C0009387F7FF1347F7FF13D84601B3F5B70036
:1009D000B3F7D700931657011378F87F63800602A8
:1009E0001307F07F130500006304E8006780000030
:1009F000B3E7C7003335F00067800000B3E5A5001A
:100A000013051000E38E05FC6780000093D74501B5
:100A1000B70610001387F6FF93F7F77F1306E03F42
:100A20003377B70093D5F501635EF6001306D04126
:100A3000635EF600370500801305F5FF3385A500DA
:100A40006780000013050000678000001306304334
:100A50003306F6401308F0013367D7006350C8022D
:100A600093063041B387F6403357F7003305E04033
:100A7000E39C05FC13050700678000009387D7BE41
:100A80003317F7003355C5003367A7006FF01FFE1B
:100A9000130101FF2326110023248100232291004A
:100AA000630A05041357F541B344A700B384E44037
:100AB000930705001385040013D4F701EF00C0521B
:100AC0009307E041B387A7401307A00093F7F77F90
:100AD0006340A7061307B0003307A74033D7E400ED
:100AE000130555011317C700B394A4001357C7008B
:100AF0006F0040011304000093070000130700007B
:100B000093040000939747011314F401B3E7E7003F
:100B10008320C100B3E7870003248100138504000C
:100B200093850700832441001301010167800000C1
:100B3000130555FF3397A4001317C7001357C700B9
:100B4000930400006FF01FFC130101FF23248100B8
:100B50002326110013040500630C0504EF00C048B0
:100B60009307E041B387A7401307A00093F7F77FEF
:100B70006344A7061307B0003307A74013055501C8
:100B80003357E4003314A4008320C100130504008C
:100B90001317C700032481001357C7009397470119
:100BA000B3E7E700938507001301010167800000A8
:100BB0008320C10013050400930700000324810073
:100BC0001307000093974701B3E7E70093850700F9
:100BD0001301010167800000130555FF3317A400BE
:100BE000130400008320C100130504001317C7007D
:100BF000032481001357C70093974701B3E7E70029
:100C00009385070013010101678000008325C5005B
:100C100083278500032805008326450013960501D8
:100C2000130101FE13971500135606012324F1004A
:100C30002326B100232CF100232001012322D1001F
:100C400023280101232AD100232EC10013571701A5
:100C500093D5F501930801019307C10113153600DF
:100C600003A6C7FF9387C7FF9356D601B3E6A60036
:100C700023A2D700E394F8FE930617001318380058
:100C80001396160123280101135626016302060458
:100C9000B7C6FFFF938606403307D7009306E07F71
:100CA00063D4E6109307F07F13060000930600005C
:100CB000939747019395F501B3E7C700B3E7B700F2
:100CC0001385060093850700130101026780000069
:100CD00003264101832881010325C101B366160162
:100CE000B3E6A600B3E606016314070463820614A4
:100CF000930650001306000093D736009316D601D2
:100D0000B3E6F600131696009377F77F1356C600E6
:100D1000939747019395F501B3E7C700B3E7B70091
:100D20001385060093850700130101026780000008
:100D30006384061293D7C80113154500B3E7A700D3
:100D4000B7068000B3F6D7006382061C370780FF22
:100D50009356C601939848001307F7FF33F6E70050
:100D6000B3E61601B70740003366F60093F686FF38
:100D70009307000013D736009316D601131696007A
:100D80001356C600939747019395F501B3E7C70043
:100D9000B3E6E600B3E7B7001385060093850700C6
:100DA0001301010267800000635CE00C83274101AE
:100DB000032581010326C10193964700B3E606018E
:100DC00093D7C70113184500131646001355C501E4
:100DD000B336D000B3E707013366A600B3E6F600EA
:100DE00093F776006380070293F7F600130540003F
:100DF000638AA70093874600B3B6D7003306D600B0
:100E000093860700B7078000B377F600E38607EE06
:100E1000130717009307F07FE306F7E8B70780FF93
:100E20009387F7FF3376F6009377F77F6FF09FF4A1
:100E30009307000013060000939747019395F5016F
:100E4000B3E7C700B3E7B700138506009385070033
:100E500013010102678000009307F07F1306000072
:100E6000939747019395F501B3E7C700B3E7B70040
:100E700013850600938507001301010267800000B7
:100E80009306C0FC634CD7089306D003B386E640B4
:100E90000327C10113DE5640B70E0800B3EEEE0083
:100EA00013152E00232ED10193F6F6013388A800E6
:100EB00013860800130700000323060013064600EC
:100EC00033676700E31AC8FE130630003306C641D5
:100ED000639A060403280800938616009387470048
:100EE00023AE07FF634ED6003388A700032808000F
:100EF000938616009387470023AE07FFE356D6FE7E
:100F000093074000B387C7416F0040089305000076
:100F10009307F07F370608006FF09FD91307000092
:100F20006FF01FDD1308050233082800032808FFAF
:100F3000130F0002330FDF403318E8013367070156
:100F4000630E060813182600B30FF8003386A800B6
:100F50000325060003234600938747003355D50039
:100F60003313E3013365650023AEA7FE1306460085
:100F7000E390FFFE93074000B387C74113060802C2
:100F800033062600B3DEDE002328D6FF930640009A
:100F9000B386F640939626009397270013068000A9
:100FA000B388F80063EAC60023A0080023A2080063
:100FB000938686FF938888009307400063E4F600D9
:100FC00023A00800832701013337E00003264101F5
:100FD000B366F700130700006FF09FE0930710005F
:100FE000130800006FF09FF9B7070100637AF5025C
:100FF000133705101337170013173700B737018061
:101000003355E500938747C6B387A70003C507009C
:1010100093060002B386E6403385A6406780000051
:10102000B70700016374F50213070001B7370180A9
:101030003355E500938747C6B387A70003C507006C
:10104000930600013385A6406780000013078001E6
:10105000B73701803355E500938747C6B387A700AC
:1010600003C50700930680003385A6406780000013
:10107000696C6C6567616C20696E737472756374FA
:10108000696F6E20657863657074696F6E20686142
:101090006E646C657220656E74657265640A0065C5
:1010A00063616C6C20657863657074696F6E20682D
:1010B000616E646C657220656E74657265640A00A9
:1010C00065627265616B20657863657074696F6EC7
:1010D0002068616E646C657220656E74657265640B
:1010E0000A00756E6B6E6F776E206578636570743D
:1010F000696F6E2068616E646C657220656E7465E0
:101100007265640A006E6F20657863657074696F3C
:101110006E2068616E646C657220696E7374616CB8
:101120006C65640A00000000556E696D706C656D39
:10113000656E7465642073797374656D2063616C8A
:101140006C2063616C6C6564210A000078F8FEFF16
:1011500078F8FEFFF4F7FEFFF4F7FEFFF4F7FEFF6A
:10116000F4F7FEFFF4F7FEFFF4F7FEFF78F8FEFF5A
:1011700068F8FEFFF4F7FEFFF4F7FEFFF4F7FEFF5A
:10118000F4F7FEFF68F8FEFF68F8FEFF40F9FEFF87
:10119000F4F7FEFFF4F7FEFFF4F7FEFFF4F7FEFFAF
:1011A000F4F7FEFFF4F7FEFFF4F7FEFFF4F7FEFF9F
:1011B000F4F7FEFFF4F7FEFFF4F7FEFFF4F7FEFF8F
:1011C000F4F7FEFFF4F7FEFF78F8FEFFF0F8FEFFFD
:1011D000F4F7FEFFF4F7FEFFF4F7FEFFF4F7FEFF6F
:1011E000F4F7FEFFF4F7FEFFF4F7FEFFF4F7FEFF5F
:1011F000F4F7FEFFF4F7FEFFF4F7FEFFF4F7FEFF4F
:1012000024F9FEFFF4F7FEFFF4F7FEFFF4F7FEFF0C
:10121000F4F7FEFFF4F7FEFFF4F7FEFFF4F7FEFF2E
:10122000F4F7FEFFF4F7FEFFF4F7FEFFF4F7FEFF1E
:10123000F4F7FEFFF4F7FEFFF4F7FEFFF4F7FEFF0E
:10124000F4F7FEFFF4F7FEFFF4F7FEFFF4F7FEFFFE
:10125000F4F7FEFFF4F7FEFFF4F7FEFFF4F7FEFFEE
:10126000F4F7FEFFF4F7FEFFF4F7FEFFF4F7FEFFDE
:10127000F4F7FEFFF4F7FEFFF4F7FEFFF4F7FEFFCE
:10128000F4F7FEFFF4F7FEFFF4F7FEFFF4F7FEFFBE
:1012900034F9FEFF20F7FEFFC4F7FEFFD0F7FEFF94
:1012A000ACF6FEFFACF6FEFFACF6FEFFACF6FEFFC2
:1012B000ACF6FEFFACF6FEFF30F7FEFFACF6FEFF2D
:1012C000ACF6FEFFACF6FEFFACF6FEFFA8F7FEFFA5
:1012D00030F7FEFF46465420616C6C6F63206661F8
:1012E000696C6564000000004646542072756E6E9D
:1012F000696E672E2E2E00004646542066696E6980
:1013000073686564000000006B6973735F666674E0
:1013100020746F6F6B20257520696E73747275630E
:1013200074696F6E7320616E642025752063796324
:101330006C65730A000000004641494C203A206663
:10134000667420726573756C742076616C75657354
:1013500020696E636F72726563740A596F757220CB
:101360006F75742076616C7565733A0A5265616CAD
:1013700009496D616700000025640925640A0000C1
:1013800053554343455353203A2066667420726593
:1013900073756C742076616C75657320636F7272FF
:1013A0006563744100000000FF7F0000C679A22A37
:1013B00094651B4F93466468DF201B7331FF206EDA
:1013C000C9DFCF5AEEC7AC3CC6B95B1877B6ECF2B2
:1013D00043BDF4D26BCC77B933E128A904FA02A457
:1013E0001C13CFAA47293BBD023A79D901434CF8D7
:1013F0005E43B819253B58384A2BB6507015AC607F
:10140000EEFC916690E3AE6134CE5B52D4BF053AF8
:101410008EB91D1BE6BB50FF37C634E50DD700D192
:101420006CECBCC38104F4BD211CB9BF0B31A2C854
:10143000EC40E8D7AB4911ECC04AEB025D44ED1833
:10144000FE36BC29ED2329358B0C4D3AB3F3FD381C
:10145000E5DB643150C74B2472B80312F9B084FF46
:10146000ACB1BBEC2DBA76DD44C95CD348DD89CE86
:10147000F6F2C8CE6508E8D3C61BB3DD222B07EC15
:101480004D3539FDF439830F59395120E333472D58
:10149000652A5936DD1DA23ACB0FB139F7006C33FE
:1014A00069F25B2814E59E1984D9310853D075F68A
:1014B000ABCAF3E584C826D8FF7F0000C679A22A0C
:1014C00094651B4F93466468DF201B7331FF206EC9
:1014D000C9DFCF5AEEC7AC3CC6B95B1877B6ECF2A1
:1014E00043BDF4D26BCC77B933E128A904FA02A446
:1014F0001C13CFAA47293BBD023A79D901434CF8C6
:101500005E43B819253B58384A2BB6507015AC606D
:10151000EEFC916690E3AE6134CE5B52D4BF053AE7
:101520008EB91D1BE6BB50FF37C634E50DD700D181
:101530006CECBCC38104F4BD211CB9BF0B31A2C843
:10154000EC40E8D7AB4911ECC04AEB025D44ED1822
:10155000FE36BC29ED2329358B0C4D3AB3F3FD380B
:10156000E5DB643150C74B2472B80312F9B084FF35
:10157000ACB1BBEC2DBA76DD44C95CD348DD89CE75
:10158000F6F2C8CE6508E8D3C61BB3DD222B07EC04
:101590004D3539FDF439830F59395120E333472D47
:1015A000652A5936DD1DA23ACB0FB139F7006C33ED
:1015B00069F25B2814E59E1984D9310853D075F679
:1015C000ABCAF3E584C826D8FF7F0000C679A22AFB
:1015D00094651B4F93466468DF201B7331FF206EB8
:1015E000C9DFCF5AEEC7AC3CC6B95B1877B6ECF290
:1015F00043BDF4D26BCC77B933E128A904FA02A435
:101600001C13CFAA47293BBD023A79D901434CF8B4
:101610005E43B819253B58384A2BB6507015AC605C
:10162000EEFC916690E3AE6134CE5B52D4BF053AD6
:101630008EB91D1BE6BB50FF37C634E50DD700D170
:101640006CECBCC38104F4BD211CB9BF0B31A2C832
:10165000EC40E8D7AB4911ECC04AEB025D44ED1811
:10166000FE36BC29ED2329358B0C4D3AB3F3FD38FA
:10167000E5DB643150C74B2472B80312F9B084FF24
:10168000ACB1BBEC2DBA76DD44C95CD348DD89CE64
:10169000F6F2C8CE6508E8D3C61BB3DD222B07ECF3
:1016A0004D3539FDF439830F59395120E333472D36
:1016B000652A5936DD1DA23ACB0FB139F7006C33DC
:1016C00069F25B2814E59E1984D9310853D075F668
:1016D000ABCAF3E584C826D8FF7F0000C679A22AEA
:1016E00094651B4F93466468DF201B7331FF206EA7
:1016F000C9DFCF5AEEC7AC3CC6B95B1877B6ECF27F
:1017000043BDF4D26BCC77B933E128A904FA02A423
:101710001C13CFAA47293BBD023A79D901434CF8A3
:101720005E43B819253B58384A2BB6507015AC604B
:10173000EEFC916690E3AE6134CE5B52D4BF053AC5
:101740008EB91D1BE6BB50FF37C634E50DD700D15F
:101750006CECBCC38104F4BD211CB9BF0B31A2C821
:10176000EC40E8D7AB4911ECC04AEB025D44ED1800
:10177000FE36BC29ED2329358B0C4D3AB3F3FD38E9
:10178000E5DB643150C74B2472B80312F9B084FF13
:10179000ACB1BBEC2DBA76DD44C95CD348DD89CE53
:1017A000F6F2C8CE6508E8D3C61BB3DD222B07ECE2
:1017B0004D3539FDF439830F59395120E333472D25
:1017C000652A5936DD1DA23ACB0FB139F7006C33CB
:1017D00069F25B2814E59E1984D9310853D075F657
:1017E000ABCAF3E584C826D8FF7F0000C679A22AD9
:1017F00094651B4F93466468DF201B7331FF206E96
:10180000C9DFCF5AEEC7AC3CC6B95B1877B6ECF26D
:1018100043BDF4D26BCC77B933E128A904FA02A412
:101820001C13CFAA47293BBD023A79D901434CF892
:101830005E43B819253B58384A2BB6507015AC603A
:10184000EEFC916690E3AE6134CE5B52D4BF053AB4
:101850008EB91D1BE6BB50FF37C634E50DD700D14E
:101860006CECBCC38104F4BD211CB9BF0B31A2C810
:10187000EC40E8D7AB4911ECC04AEB025D44ED18EF
:10188000FE36BC29ED2329358B0C4D3AB3F3FD38D8
:10189000E5DB643150C74B2472B80312F9B084FF02
:1018A000ACB1BBEC2DBA76DD44C95CD348DD89CE42
:1018B000F6F2C8CE6508E8D3C61BB3DD222B07ECD1
:1018C0004D3539FDF439830F59395120E333472D14
:1018D000652A5936DD1DA23ACB0FB139F7006C33BA
:1018E00069F25B2814E59E1984D9310853D075F646
:1018F000ABCAF3E584C826D8FF7F0000C679A22AC8
:1019000094651B4F93466468DF201B7331FF206E84
:10191000C9DFCF5AEEC7AC3CC6B95B1877B6ECF25C
:1019200043BDF4D26BCC77B933E128A904FA02A401
:101930001C13CFAA47293BBD023A79D901434CF881
:101940005E43B819253B58384A2BB6507015AC6029
:10195000EEFC916690E3AE6134CE5B52D4BF053AA3
:101960008EB91D1BE6BB50FF37C634E50DD700D13D
:101970006CECBCC38104F4BD211CB9BF0B31A2C8FF
:10198000EC40E8D7AB4911ECC04AEB025D44ED18DE
:10199000FE36BC29ED2329358B0C4D3AB3F3FD38C7
:1019A000E5DB643150C74B2472B80312F9B084FFF1
:1019B000ACB1BBEC2DBA76DD44C95CD348DD89CE31
:1019C000F6F2C8CE6508E8D3C61BB3DD222B07ECC0
:1019D0004D3539FDF439830F59395120E333472D03
:1019E000652A5936DD1DA23ACB0FB139F7006C33A9
:1019F00069F25B2814E59E1984D9310853D075F635
:101A0000ABCAF3E584C826D8FF7F0000C679A22AB6
:101A100094651B4F93466468DF201B7331FF206E73
:101A2000C9DFCF5AEEC7AC3CC6B95B1877B6ECF24B
:101A300043BDF4D26BCC77B933E128A904FA02A4F0
:101A40001C13CFAA47293BBD023A79D901434CF870
:101A50005E43B819253B58384A2BB6507015AC6018
:101A6000EEFC916690E3AE6134CE5B52D4BF053A92
:101A70008EB91D1BE6BB50FF37C634E50DD700D12C
:101A80006CECBCC38104F4BD211CB9BF0B31A2C8EE
:101A9000EC40E8D7AB4911ECC04AEB025D44ED18CD
:101AA000FE36BC29ED2329358B0C4D3AB3F3FD38B6
:101AB000E5DB643150C74B2472B80312F9B084FFE0
:101AC000ACB1BBEC2DBA76DD44C95CD348DD89CE20
:101AD000F6F2C8CE6508E8D3C61BB3DD222B07ECAF
:101AE0004D3539FDF439830F59395120E333472DF2
:101AF000652A5936DD1DA23ACB0FB139F7006C3398
:101B000069F25B2814E59E1984D9310853D075F623
:101B1000ABCAF3E584C826D8FF7F0000C679A22AA5
:101B200094651B4F93466468DF201B7331FF206E62
:101B3000C9DFCF5AEEC7AC3CC6B95B1877B6ECF23A
:101B400043BDF4D26BCC77B933E128A904FA02A4DF
:101B50001C13CFAA47293BBD023A79D901434CF85F
:101B60005E43B819253B58384A2BB6507015AC6007
:101B7000EEFC916690E3AE6134CE5B52D4BF053A81
:101B80008EB91D1BE6BB50FF37C634E50DD700D11B
:101B90006CECBCC38104F4BD211CB9BF0B31A2C8DD
:101BA000EC40E8D7AB4911ECA002A00A4400FDFFCD
:101BB0002F00040011000C00E6FF1C00A2FF3900FA
:101BC0000AFF7E0042FCCA01340582FDF40109FFD0
:101BD0004F014FFF07016DFFD7007FFFB20093FF5A
:101BE0008300D0FFFCFD95099B0067FE620094FE18
:101BF0002B0073FED6FF1FFE45FF79FDEFFDF2FBC4
:101C0000DCF71DF5C90F830F0906830492049E02B9
:101C10003A04CE0167044B013F05D2000E080100D3
:101C2000B83C64F3E8F943031AFE510279FF1C0241
:101C300041002A02F5007B02FC01610369055E0791
:101C40004EF657F4B5FD5BFDEBFEA7FE7CFF20FFD3
:101C5000E0FF56FF4A005AFF05010BFF6A08D2F960
:101C60001FFE870139FFE4009CFFC700DBFFD300A4
:101C70001600FA006800680154011D038BFC1EF970
:101C800045FF8CFEAFFF3BFFEAFF7AFF1C0097FF8A
:101C90005D009BFFE70076FF7C0571FD36FEDA00F4
:101CA0003BFF75008AFF6500B7FF6B00D8FF81001E
:101CB000FBFFBA0042008A01B8FE6AFBC5FF34FF91
:101CC000F0FF9AFF0D00C2FF2F00D5FF6100DEFF7D
:101CD000D200DCFF160478FF2EFE470037FF2D00F0
:101CE00082FF2D00A6FF3500BCFF4600CCFF64003C
:101CF000DAFFCD00F3FFA3FCF6FF91FF0300D3FF53
:101D00001000EDFF2600FDFF49000A0099002000A9
:101D10009E02810071FEC8FF59FFF6FF94FF080084
:101D2000B1FF1200C0FF2100C7FF3400C1FF7000E7
:101D3000DD0016FD0E00C2FF0C00EDFF1500FFFFD9
:101D400025000E003E001F007C004100DC01EC007D
:101D500095FE62FF72FFCDFFA4FFE9FFBCFFF7FF16
:101D6000C8FF0200D0FF0E00CCFF26006501D5FDA4
:101D70000800EDFF050002000C000F0016001C001B
:101D800028002D00550051002C010301D8FE21FF31
:101D900092FFB9FFBAFFD9FFCCFFE9FFD7FFF3FFEE
:101DA000E0FFFAFFE7FF01009701A1FEEFFF0C0043
:101DB000F6FF1300FCFF1B00030027001000390092
:101DC000280060009700170137FFCDFEB8FFA3FF82
:101DD000D4FFCCFFE0FFDEFFE9FFE9FFF4FFEFFFF8
:101DE0000400F1FFB60139FFD2FF1400E5FF170030
:101DF000EEFF1A00F5FF2600FBFF350007005A0032
:101E00003100F40096FFAAFEDCFFA0FFE9FFCBFF44
:101E1000F1FFDDFFFBFFE9FF0300F0FF1C00F3FF14
:101E2000B701CBFFB4FF0D00D5FF0E00E1FF14009A
:101E3000E6FF1D00E8FF2C00ECFF4B00EBFFC200AB
:101E400004009DFEFCFFA6FFFEFFD0FF0200E2FFA4
:101E50000600EEFF1200F6FF3000020091013F0085
:101E600099FFF3FFC9FF0200D7FF0C00DDFF11004F
:101E7000DDFF1F00DBFF3700C6FF8D005D00AEFEFB
:101E80001000B7FF0700DDFF0800ECFF0C00F9FFB2
:101E900017000300310016003E019B008BFFCFFFAF
:101EA000C6FFF0FFD3FFFCFFD9FF0500DAFF1100EA
:101EB000D2FF2300B1FF5D00C500C7FE1E00C9FFB1
:101EC0001000E8FF0D00F6FF0F00010017001000E2
:101ED0002F002900EE00D8008DFFA2FFC8FFDAFF17
:101EE000D7FFECFFDCFFF9FFDCFF0200D5FF0F009E
:101EF000B8FF2F0006010AFF2000DDFF1000F4FFED
:101F00000C00FFFF0C000900120017002400350030
:101F10009E00EB009BFF78FFD1FFCAFFDBFFDFFFD6
:101F2000E0FFEDFFE0FFF3FFDCFFFDFFC8FF0B006C
:101F300037016EFF1600F2FF0900FEFF05000900E1
:101F40000500100008002100110042005200F800B6
:101F5000B6FF4BFFDEFFBDFFE7FFD8FFE9FFE4FF61
:101F6000EAFFECFFE8FFF2FFDCFFFAFF4101BBFFF5
:101F70000700FCFFFCFF0300FAFF0B00F8FF120054
:101F8000F8FF2100F7FF4100F3FFDE00FAFF2FFF0B
:101F9000F7FFB6FFF7FFD4FFF7FFE2FFF6FFEAFF18
:101FA000F5FFF1FFF5FFF7FF46012000F4FFFFFF0B
:101FB000F3FF0200F1FF0A00EEFF1200ECFF1F002A
:101FC000E4FF3C00BAFFC0003E001EFF0E00B7FF5A
:101FD0000700D5FF0100E1FF0100E9FF0200F3FF68
:101FE0000700FAFF2E018300E3FFF5FFEAFFFEFF83
:101FF000E9FF0300E8FF0B00E3FF1700D7FF2E0007
:102000009CFF8F007D0025FF1F00BFFF1000DAFF3F
:102010000A00E8FF0900F1FF0B00FAFF14000B00B3
:10202000F800DA00D2FFDDFFE2FFEFFFE3FFFAFF87
:10203000E3FF0200DBFF0B00CCFF1D0087FF600009
:10204000CA003BFF2F00CBFF1900E3FF1000F0FF99
:102050000C00FAFF0E00060017001B00B0000A017A
:10206000CDFFBDFFE1FFE0FFE2FFEBFFE1FFF5FF8A
:10207000DAFF0000C8FF0A0084FF2D00110174FF81
:102080003900DEFF1F00EFFF1200FAFF0E00010013
:102090000D000F0011002C005C002501DAFF98FFF5
:1020A000E9FFD1FFE8FFE1FFE5FFE9FFDEFFF3FF16
:1020B000CDFFFAFF92FF08004A01BAFF3900F2FF94
:1020C0001C00FAFF110002000B00090007001800B5
:1020D00006003A001A003401F0FF6FFFF3FFBFFF64
:1020E000F0FFD5FFECFFDFFFE8FFE6FFDCFFEAFFD4
:1020F000B2FFEDFF3F0111002800FFFF0F000100BC
:102100000400050000000F00F7FF1E00EBFF400079
:10211000B0FF1B01230052FF0900B6FF0000CEFFF5
:10212000F7FFDAFFF2FFDFFFE7FFE2FFCFFFDCFFA1
:102130004D017A001A00060006000500FDFF0700A9
:10214000F5FF0E00EAFF1B00D6FF39006AFFE6002C
:10215000610048FF1E00B5FF0E00CDFF0400D9FF4F
:10216000FEFFE0FFF8FFE2FFEAFFE0FF3501E100DC
:1021700008000300FBFF0200F2FF0500EAFF0C006D
:10218000DCFF1500C1FF2D0032FFAB00B2004FFF96
:102190003A00BBFF1E00D3FF1400DFFF0B00E5FF7A
:1021A0000400E8FFFFFFEDFFE7005F01F5FFF4FF2C
:1021B000F0FFF7FFEAFFFBFFE1FF0300D2FF0B0098
:1021C000AEFF1E0011FF73000B0163FF5200C5FF3D
:1021D0002E00DCFF1C00E4FF1300EBFF0C00F3FFFC
:1021E0000A00010078009F01F0FFD4FFEFFFE3FF3A
:1021F000E6FFECFFDDFFF0FFC9FFF7FFA3FFFEFFE7
:1022000003FF18006C01B6FF6800E2FF3900EDFF24
:102210002700F5FF1900FBFF0F0008000A0021004E
:102220000900F301FAFFA7FFF3FFCEFFEBFFDAFF90
:10223000DEFFDFFFCCFFE2FFA4FFE3FF0DFFD8FFCF
:10224000C4011900740000003E00FEFF26000200D9
:1022500016000A000A001A00F8FF44006DFF490248
:10226000230065FF0900AAFFFBFFBEFFEFFFC7FFCA
:10227000DBFFC7FFB9FFC3FF46FF99FFCF01A400F3
:1022800066001700330009001C0008000A000F0058
:10229000F7FF1B00D3FF4400BEFEDB016D0047FFCC
:1022A0002A009AFF1300B2FFFFFFB7FFECFFB7FF52
:1022B000CEFFA9FF6FFF6DFF0102550160002D00E9
:1022C0002C00100011000A00FBFF0D00DDFF1600BE
:1022D0009DFF3D00DAFD740105012CFF76008EFFA5
:1022E0004B00A2FF3600A7FF2400A2FF13008FFFC0
:1022F000F8FF3FFFC0006A0226003300120004000E
:102300000400F3FFF2FFE7FFDAFFDDFFA4FFD3FFD6
:1023100054FEADFF0901EAFF7100D6FF4900C7FF77
:102320003800BBFF3200A5FF36007DFF640001FFCF
:102330007FFC820676FF8A008DFF2C0081FF05005E
:102340005DFFE4FF18FFB9FF6DFE60FF8CFA82FDB0
:10235000D003F3016201C900CF0086008700680046
:102360005400560020004E00C2FF4C000509C7FF74
:10237000A500380054003D0024004100F8FF4A0049
:10238000B8FF5D0033FF8D009FFC9001A803BDFEE8
:1023900075019AFFF900C8FFC100DAFF9C00E6FF53
:1023A0008300EDFF6D00F3FFFF7F0000FD7F6EFEF9
:1023B000F57FDCFCE97F4AFBD87FB8F9C17F27F8BD
:1023C000A67F96F6867F05F5617F74F3377FE4F18B
:1023D000097F55F0D57EC6EE9C7E38ED5F7EABEB77
:1023E0001D7E1EEAD57D92E8897D07E7397D7EE571
:1023F000E37CF5E3887C6DE2297CE6E0C57B61DF68
:102400005C7BDDDDEE7A5ADC7C7AD8DA057A58D945
:102410008979DAD709795DD68478E1D4FA7767D3F8
:102420006B77EFD1D87679D0417605CFA57592CD6F
:10243000047521CC5F74B3CAB57346C90773DCC792
:10244000547274C69D710EC5E270AAC3227048C250
:102450005E6FE9C0966E8DBFC96D32BEF86CDBBC95
:10246000236C86BB4A6B33BA6D6AE4B88B6997B745
:10247000A6684CB6BC6705B5CF66C1B3DD657FB253
:10248000E86441B1EE6305B0F162CDAEF06198ADA4
:10249000EB6065ACE35F37ABD75E0BAAC75DE3A823
:1024A000B35CBEA79C5B9CA6825A7EA5645964A4BB
:1024B00042584DA31D5739A2F55529A1C9541DA055
:1024C0009B53159F6852109E33510F9DFB4F129CDA
:1024D000BF4E189B814D239A3F4C3199FB4A44983B
:1024E000B4495A97694875961C479395CD45B6945B
:1024F0007A44DD9325430893CE41379273406A9125
:10250000173FA290B83DDE8F563C1E8FF23A638E85
:102510008C39AC8D2438F98CBA364B8C4D35A18B67
:10252000DF33FC8A6E325B8AFB30BF89872F2889B4
:10253000112E9588992C06881F2B7C87A329F78656
:1025400026287786A826FB8528258485A62312853C
:102550002322A4849F203B841A1FD783931D788352
:102560000B1C1D83821AC782F91877826E172B8283
:10257000E215E3815514A181C81264813A112B81BF
:10258000AB0FF7801C0EC9808C0C9F80FB0A7A80F1
:102590006A095A80D9073F8048062880B604178008
:1025A00024030B8092010380000001806EFE0380F3
:1025B000DCFC0B804AFB1780B8F9288027F83F80A5
:1025C00096F65A8005F57A8074F39F80E4F1C9800D
:1025D00055F0F780C6EE2B8138ED6481ABEBA1811D
:1025E0001EEAE38192E82B8207E777827EE5C782C5
:1025F000F5E31D836DE27883E6E0D78361DF3B84FA
:10260000DDDDA4845ADC1285D8DA848558D9FB85AF
:10261000DAD777865DD6F786E1D47C8767D30688DC
:10262000EFD1958879D0288905CFBF8992CD5B8A73
:1026300021CCFC8AB3CAA18B46C94B8CDCC7F98C70
:1026400074C6AC8D0EC5638EAAC31E8F48C2DE8FC2
:10265000E9C0A2908DBF6A9132BE3792DBBC08936D
:1026600086BBDD9333BAB694E4B8939597B7759665
:102670004CB65A9705B54498C1B331997FB2239AA5
:1026800041B1189B05B0129CCDAE0F9D98AD109E28
:1026900065AC159F37AB1DA00BAA29A1E3A839A2F1
:1026A000BEA74DA39CA664A47EA57EA564A49CA6FB
:1026B0004DA3BEA739A2E3A829A10BAA1DA037AB41
:1026C000159F65AC109E98AD0F9DCDAE129C05B0C8
:1026D000189B41B1239A7FB23199C1B3449805B593
:1026E0005A974CB6759697B79395E4B8B69433BAA3
:1026F000DD9386BB0893DBBC379232BE6A918DBFF7
:10270000A290E9C0DE8F48C21E8FAAC3638E0EC599
:10271000AC8D74C6F98CDCC74B8C46C9A18BB3CA8F
:10272000FC8A21CC5B8A92CDBF8905CF288979D0DC
:102730009588EFD1068867D37C87E1D4F7865DD68C
:102740007786DAD7FB8558D98485D8DA12855ADCA2
:10275000A484DDDD3B8461DFD783E6E078836DE22E
:102760001D83F5E3C7827EE5778207E72B8292E837
:10277000E3811EEAA181ABEB648138ED2B81C6EECB
:10278000F78055F0C980E4F19F8074F37A8005F5F5
:102790005A8096F63F8027F82880B8F917804AFBC0
:1027A0000B80DCFC03806EFE018000000380920140
:1027B0000B8024031780B604288048063F80D90781
:1027C0005A806A097A80FB0A9F808C0CC9801C0E93
:1027D000F780AB0F2B813A116481C812A181551487
:1027E000E381E2152B826E177782F918C782821A6D
:1027F0001D830B1C7883931DD7831A1F3B849F2056
:10280000A48423221285A62384852825FB85A82657
:1028100077862628F786A3297C871F2B0688992C84
:102820009588112E2889872FBF89FB305B8A6E32ED
:10283000FC8ADF33A18B4D354B8CBA36F98C2438AA
:10284000AC8D8C39638EF23A1E8F563CDE8FB83DCC
:10285000A290173F6A9173403792CE410893254367
:10286000DD937A44B694CD4593951C477596694897
:102870005A97B4494498FB4A31993F4C239A814D69
:10288000189BBF4E129CFB4F0F9D3351109E6852F8
:10289000159F9B531DA0C95429A1F55539A21D5759
:1028A0004DA3425864A464597EA5825A9CA69C5BA1
:1028B000BEA7B35CE3A8C75D0BAAD75E37ABE35FE7
:1028C00065ACEB6098ADF061CDAEF16205B0EE6342
:1028D00041B1E8647FB2DD65C1B3CF6605B5BC67C1
:1028E0004CB6A66897B78B69E4B86D6A33BA4A6B81
:1028F00086BB236CDBBCF86C32BEC96D8DBF966E97
:10290000E9C05E6F48C22270AAC3E2700EC59D7115
:1029100074C65472DCC7077346C9B573B3CA5F7413
:1029200021CC047592CDA57505CF417679D0D876A6
:10293000EFD16B7767D3FA77E1D484785DD60979E4
:10294000DAD7897958D9057AD8DA7C7A5ADCEE7ADE
:10295000DDDD5C7B61DFC57BE6E0297C6DE2887CA8
:10296000F5E3E37C7EE5397D07E7897D92E8D57D57
:102970001EEA1D7EABEB5F7E38ED9C7EC6EED57EFB
:1029800055F0097FE4F1377F74F3617F05F5867FA9
:1029900096F6A67F27F8C17FB8F9D87F4AFBE97F72
:1029A000DCFCF57F6EFEFD7F0000FF7F9201FD7F66
:1029B0002403F57FB604E97F4806D87FD907C17F95
:1029C0006A09A67FFB0A867F8C0C617F1C0E377F0D
:1029D000AB0F097F3A11D57EC8129C7E55145F7EDD
:1029E000E2151D7E6E17D57DF918897D821A397D15
:1029F0000B1CE37C931D887C1A1F297C9F20C57BC0
:102A000023225C7BA623EE7A28257C7AA826057AE9
:102A100026288979A32909791F2B8478992CFA779C
:102A2000112E6B77872FD876FB3041766E32A575E5
:102A3000DF3304754D355F74BA36B57324380773C8
:102A40008C395472F23A9D71563CE270B83D227056
:102A5000173F5E6F7340966ECE41C96D2543F86C8B
:102A60007A44236CCD454A6B1C476D6A69488B6973
:102A7000B449A668FB4ABC673F4CCF66814DDD6513
:102A8000BF4EE864FB4FEE633351F1626852F06170
:102A90009B53EB60C954E35FF555D75E1D57C75D87
:102AA0004258B35C64599C5B825A825A9C5B64595D
:102AB000B35C4258C75D1D57D75EF555E35FC954F7
:102AC000EB609B53F0616852F1623351EE63FB4F50
:102AD000E864BF4EDD65814DCF663F4CBC67FB4A65
:102AE000A668B4498B6969486D6A1C474A6BCD4535
:102AF000236C7A44F86C2543C96DCE41966E7340C1
:102B00005E6F173F2270B83DE270563C9D71F23AFD
:102B100054728C3907732438B573BA365F744D35E7
:102B20000475DF33A5756E324176FB30D876872F7A
:102B30006B77112EFA77992C84781F2B0979A329AA
:102B400089792628057AA8267C7A2825EE7AA62374
:102B50005C7B2322C57B9F20297C1A1F887C931DC8
:102B6000E37C0B1C397D821A897DF918D57D6E179F
:102B70001D7EE2155F7E55149C7EC812D57E3A11EB
:102B8000097FAB0F377F1C0E617F8C0C867FFB0AA1
:102B9000A67F6A09C17FD907D87F4806E97FB604B6
:102BA000F57F2403FD7F92010400000080000000F7
:102BB00004000000200000000400000008000000E5
:102BC00004000000020000000200000001000000FC
:102BD0005B4552524F525D206B6973735F6666743A
:102BE0002E633A32343720004D656D6F7279206163
:102BF0006C6C6F636174696F6E206661696C65648B
:102C00002E0000005B4552524F525D206B6973737A
:102C10005F6666742E633A3432362000666F7574D0
:102C200020627566666572204E554C4C2E00000081
:102C30005B4552524F525D206B6973735F666674D9
:102C40002E633A34333220004D656D6F7279206106
:102C50006C6C6F636174696F6E206572726F722E37
:102C60000000000000010202030303030404040443
:102C70000404040405050505050505050505050508
:102C800005050505060606060606060606060606E8
:102C900006060606060606060606060606060606D4
:102CA00006060606070707070707070707070707B8
:102CB00007070707070707070707070707070707A4
:102CC0000707070707070707070707070707070794
:102CD0000707070707070707070707070707070784
:102CE0000707070708080808080808080808080868
:102CF0000808080808080808080808080808080854
:102D00000808080808080808080808080808080843
:102D10000808080808080808080808080808080833
:102D20000808080808080808080808080808080823
:102D30000808080808080808080808080808080813
:102D40000808080808080808080808080808080803
:102D500008080808080808080808080808080808F3
:102D6000080808080A000000494E4600696E66001F
:102D70004E414E006E616E0030313233343536379D
:102D80003839414243444546000000003031323377
:102D90003435363738396162636465660000000097
:102DA000286E756C6C290000300000008472008071
:102DB000C06C0080C06C008078720080C06C0080A5
:102DC000C06C0080C06C0080C06C0080C06C008053
:102DD000C06C00807C71008068720080C06C0080D4
:102DE00094710080A0710080C06C00802872008007
:102DF0008C6C00808C6C00808C6C00808C6C0080F3
:102E00008C6C00808C6C00808C6C00808C6C0080E2
:102E10008C6C0080C06C0080C06C0080C06C008036
:102E2000C06C0080C06C0080C06C0080C06C0080F2
:102E3000C06C0080C06C0080C06C0080FC710080A1
:102E4000E86F0080C06C0080E86F0080C06C00807C
:102E5000C06C0080C06C0080C06C00809C720080E0
:102E6000C06C0080C06C008080730080C06C0080EB
:102E7000C06C0080C06C0080C06C0080C06C0080A2
:102E8000A8720080C06C0080C06C0080947E0080BE
:102E9000C06C0080C06C0080C06C0080C06C008082
:102EA000C06C0080C06C0080C06C0080C06C008072
:102EB000C06C0080C06C008040720080D8700080C0
:102EC000E86F0080E86F0080E86F00803472008057
:102ED000D8700080C06C0080C06C0080986E00804C
:102EE000C06C00809C7400806C740080347400801E
:102EF000986E0080C06C0080CC730080C06C008035
:102F00009C730080C06C0080C06C0080EC7E0080F0
:102F100020202020202020202020202020202020B1
:102F200030303030303030303030303030303030A1
:102F30002C9200808C8E00808C8E008020920080ED
:102F40008C8E00808C8E00808C8E00808C8E008019
:102F50008C8E00808C8E008080910080109200808A
:102F60008C8E0080909100809C9100808C8E0080DF
:102F700004920080588E0080588E0080588E008009
:102F8000588E0080588E0080588E0080588E0080A9
:102F9000588E0080588E00808C8E00808C8E008031
:102FA0008C8E00808C8E00808C8E00808C8E0080B9
:102FB0008C8E00808C8E00808C8E00808C8E0080A9
:102FC000F09100808C8E00808C8E00808C8E008032
:102FD0008C8E00808C8E00808C8E00808C8E008089
:102FE0008C8E00808C8E00808C8E0080B092008051
:102FF0008C8E00808C8E00808C8E00808C8E008069
:103000008C8E0080649200808C8E00808C8E00807C
:10301000489900808C8E00808C8E00808C8E008081
:103020008C8E00808C8E00808C8E00808C8E008038
:103030008C8E00808C8E00808C8E0080449200806C
:10304000DC9000808C8E00808C8E00808C8E0080C6
:1030500078930080DC9000808C8E00808C8E0080C5
:10306000E48F00808C8E0080409300801893008055
:103070000C940080E48F00808C8E0080AC930080E4
:103080008C8E0080849300808C8E00808C8E0080DB
:103090009C990080202020202020202020202020FB
:1030A0002020202030303030303030303030303060
:1030B0003030303043000000504F5349580000007A
:1030C000496E66696E697479000000004E614E00B9
:1030D00042616C6C6F6320737563636565646564DE
:1030E000000000002E2E2F2E2E2F2E2E2F2E2E2FB4
:1030F0002E2E2F2E2E2F7372632F6E65776C6962C2
:103100002F6E65776C69622F6C6962632F737464CC
:103110006C69622F64746F612E6300002E2E2F2E57
:103120002E2F2E2E2F2E2E2F2E2E2F2E2E2F737231
:10313000632F6E65776C69622F6E65776C69622F9D
:103140006C6962632F7374646C69622F6D70726551
:10315000632E63000000000005000000190000005D
:103160007D00000000000000000000000000F03FB3
:103170000000000000002440000000000000594052
:103180000000000000408F40000000000088C340A5
:1031900000000000006AF8400000000080842E411A
:1031A00000000000D01263410000000084D7974166
:1031B0000000000065CDCD41000000205FA002426C
:1031C000000000E876483742000000A2941A6D42E1
:1031D000000040E59C30A2420000901EC4BCD642D4
:1031E00000003426F56B0C430080E03779C341437F
:1031F00000A0D8855734764300C84E676DC1AB43F5
:10320000003D9160E458E143408CB5781DAF154412
:1032100050EFE2D6E41A4B4492D54D06CFF08044ED
:10322000F64AE1C7022DB544B49DD9794378EA4402
:10323000BC89D897B2D29C3C33A7A8D523F649398C
:103240003DA7F444FD0FA5329D978CCF08BA5B25AE
:10325000436FAC642806C80A0080E03779C3414355
:10326000176E05B5B5B89346F5F93FE9034F384DEC
:10327000321D30F94877825A3CBF737FDD4F157598
:103280000020202020202020202028282828282036
:10329000202020202020202020202020202020202E
:1032A0002088101010101010101010101010101096
:1032B0001004040404040404040404101010101086
:1032C0001010414141414141010101010101010150
:1032D00001010101010101010101010110101010A2
:1032E0001010424242424242020202020202020222
:1032F0000202020202020202020202021010101076
:10330000200000000000000000000000000000009D
:1033100000000000000000000000000000000000AD
:10332000000000000000000000000000000000009D
:10333000000000000000000000000000000000008D
:10334000000000000000000000000000000000007D
:10335000000000000000000000000000000000006D
:10336000000000000000000000000000000000005D
:10337000000000000000000000000000000000004D
:10338000000000002C2066756E6374696F6E3A2031
:1033900000000000617373657274696F6E202225EE
:1033A0007322206661696C65643A2066696C6520E9
:1033B000222573222C206C696E65202564257325D7
:1033C000730A0000C8F2008074F1008020F10080D0
:1033D00074F2008020F1008084F1008020F10080F0
:1033E00074F2008074F1008074F1008084F1008038
:1033F00074F2008000F2008000F2008000F2008091
:0434000084F10080D3
:103404001000000000000000037A5200017C01015A
:103414001B0D02001000000018000000A00AFFFFAE
:10342400DC04000000000000100000002C0000007C
:0C343400680FFFFF900400000000000083
:10344000000000100000000000000000000000006C
:10345000000000000000000000000000000000006C
:10346000000000000000000000000000000000005C
:1034700068340180683401807034018070340180C8
:103480007834018078340180803401808034018078
:103490008834018088340180903401809034018028
:1034A0009834018098340180A0340180A0340180D8
:1034B000A8340180A8340180B0340180B034018088
:1034C000B8340180B8340180C0340180C034018038
:1034D000C8340180C8340180D0340180D0340180E8
:1034E000D8340180D8340180E0340180E034018098
:1034F000E8340180E8340180F0340180F034018048
:10350000F8340180F83401800035018000350180F5
:1035100008350180083501801035018010350180A3
:103520001835018018350180203501802035018053
:103530002835018028350180303501803035018003
:1035400038350180383501804035018040350180B3
:103550004835018048350180503501805035018063
:103560005835018058350180603501806035018013
:1035700068350180683501807035018070350180C3
:103580007835018078350180803501808035018073
:103590008835018088350180903501809035018023
:1035A0009835018098350180A0350180A0350180D3
:1035B000A8350180A8350180B0350180B035018083
:1035C000B8350180B8350180C0350180C035018033
:1035D000C8350180C8350180D0350180D0350180E3
:1035E000D8350180D8350180E0350180E035018093
:1035F000E8350180E8350180F0350180F035018043
:10360000F8350180F83501800036018000360180F0
:10361000083601800836018010360180103601809E
:10362000183601801836018020360180203601804E
:1036300028360180283601803036018030360180FE
:1036400038360180383601804036018040360180AE
:10365000483601804836018050360180503601805E
:10366000583601805836018060360180603601800E
:1036700068360180683601807036018070360180BE
:10368000783601807836018080360180803601806E
:10369000883601808836018090360180903601801E
:1036A0009836018098360180A0360180A0360180CE
:1036B000A8360180A8360180B0360180B03601807E
:1036C000B8360180B8360180C0360180C03601802E
:1036D000C8360180C8360180D0360180D0360180DE
:1036E000D8360180D8360180E0360180E03601808E
:1036F000E8360180E8360180F0360180F03601803E
:10370000F8360180F83601800037018000370180EB
:103710000837018008370180103701801037018099
:103720001837018018370180203701802037018049
:1037300028370180283701803037018030370180F9
:1037400038370180383701804037018040370180A9
:103750004837018048370180503701805037018059
:103760005837018058370180603701806037018009
:1037700068370180683701807037018070370180B9
:103780007837018078370180803701808037018069
:103790008837018088370180903701809037018019
:1037A0009837018098370180A0370180A0370180C9
:1037B000A8370180A8370180B0370180B037018079
:1037C000B8370180B8370180C0370180C037018029
:1037D000C8370180C8370180D0370180D0370180D9
:1037E000D8370180D8370180E0370180E037018089
:1037F000E8370180E8370180F0370180F037018039
:10380000F8370180F83701800038018000380180E6
:103810000838018008380180103801801038018094
:103820001838018018380180203801802038018044
:1038300028380180283801803038018030380180F4
:1038400038380180383801804038018040380180A4
:103850004838018048380180503801805038018054
:103860005838018058380180603801806038018004
:103870000000000003000000D03B018000000000B9
:1038800000000000D03B0180383C0180A03C01805A
:103890000000000000000000000000000000000028
:1038A0000000000000000000000000000000000018
:1038B0000000000000000000000000000000000008
:1038C00000000000000000000000000000000000F8
:1038D00000000000000000000000000000000000E8
:1038E00000000000000000000000000000000000D8
:1038F00000000000000000000000000000000000C8
:1039000000000000000000000000000000000000B7
:1039100000000000000000000100000000000000A6
:103920000E33CDAB34126DE6ECDE05000B0000006B
:103930000000000000000000000000000000000087
:103940000000000000000000000000000000000077
:103950000000000000000000000000000000000067
:103960000000000000000000000000000000000057
:103970000000000000000000000000000000000047
:103980000000000000000000000000000000000037
:103990000000000000000000000000000000000027
:1039A00043000000000000000000000000000000D4
:1039B0000000000000000000000000000000000007
:1039C00043000000000000000000000000000000B4
:1039D00000000000000000000000000000000000E7
:1039E0004300000000000000000000000000000094
:1039F00000000000000000000000000000000000C7
:103A00004300000000000000000000000000000073
:103A100000000000000000000000000000000000A6
:103A20004300000000000000000000000000000053
:103A30000000000000000000000000000000000086
:103A40004300000000000000000000000000000033
:103A50000000000000000000000000000000000066
:103A60004300000000000000000000000000000013
:103A70000000000000000000000000000000000046
:103A800024DE008030C6008000000000803201800B
:103A90002C2C0180341301803413018034130180F5
:103AA00034130180341301803413018034130180F6
:103AB0003413018034130180FFFFFFFFFFFFFFFF7E
:103AC000FFFFFFFFFFFF0000010041534349490092
:103AD00000000000000000000000000000000000E6
:103AE000000000000000000000004153434949006D
:103AF00000000000000000000000000000000000C6
:0C3B0000000000000000000000000000B9
:103B0C00FFFFFFFF0000000000000000A823018061
:083B1C00843B0180A82B01800D
:103B2800FFFFFFFFFFFFEF7F000000000000F83FEE
:103B380061436F63A787D23FB3C8608B288AC63FAB
:103B4800FB799F501344D33F000000000000F03F72
:103B580000000000000024400000000000001C409D
:103B68000000000000001440000000000000E03FDA
:103B7800A03E0180FFFFFFFF0000020080380180A7
:0400000580000080F7
:00000001FF
